drop database if exists vk2;
create database vk2;
use vk2;


DROP TABLE IF EXISTS `communities`;
CREATE TABLE `communities` (
  `id` bigint(20) unsigned NOT NULL AUTO_INCREMENT,
  `name` varchar(200) COLLATE utf8_unicode_ci DEFAULT NULL,
  `admin_user_id` bigint(20) unsigned DEFAULT NULL,
  PRIMARY KEY (`id`),
  KEY `communities_name_idx` (`name`),
  KEY `admin_user_id` (`admin_user_id`),
  CONSTRAINT `communities_ibfk_1` FOREIGN KEY (`admin_user_id`) REFERENCES `users` (`id`)
) ENGINE=InnoDB AUTO_INCREMENT=201 DEFAULT CHARSET=utf8 COLLATE=utf8_unicode_ci;

INSERT INTO `communities` VALUES ('101','vero','3'),
('102','modi','7'),
('103','magni','4'),
('104','voluptatem','6'),
('105','quo','5'),
('106','suscipit','1'),
('107','ea','9'),
('108','cum','3'),
('109','laborum','9'),
('110','ex','5'),
('111','magni','8'),
('112','impedit','5'),
('113','mollitia','7'),
('114','non','7'),
('115','ut','2'),
('116','adipisci','2'),
('117','quis','7'),
('118','consectetur','5'),
('119','culpa','8'),
('120','quae','5'),
('121','delectus','2'),
('122','eos','9'),
('123','illo','6'),
('124','quo','4'),
('125','doloribus','8'),
('126','maxime','2'),
('127','voluptatibus','4'),
('128','quidem','8'),
('129','dolor','5'),
('130','doloremque','7'),
('131','rerum','6'),
('133','labore','3'),
('134','ad','3'),
('135','hic','7'),
('136','quas','6'),
('137','iure','1'),
('138','aut','6'),
('139','ex','5'),
('140','ut','1'),
('141','soluta','9'),
('142','neque','1'),
('143','in','4'),
('144','dolorem','8'),
('145','est','6'),
('146','minus','9'),
('147','nemo','7'),
('149','quisquam','7'),
('150','sed','7'),
('151','pariatur','9'),
('152','delectus','8'),
('153','quia','2'),
('154','quas','8'),
('155','sunt','2'),
('156','earum','7'),
('158','nobis','3'),
('159','dolorem','7'),
('160','excepturi','2'),
('161','delectus','5'),
('162','et','7'),
('163','nihil','5'),
('164','eos','2'),
('165','laboriosam','2'),
('166','velit','2'),
('167','occaecati','5'),
('168','atque','7'),
('169','voluptatem','2'),
('170','quia','9'),
('171','aut','7'),
('172','sed','6'),
('173','molestiae','7'),
('174','nostrum','3'),
('175','neque','9'),
('176','dolorem','2'),
('177','excepturi','6'),
('178','fugiat','3'),
('179','molestiae','6'),
('180','consequatur','3'),
('181','aut','6'),
('182','vel','7'),
('184','molestias','4'),
('185','aut','9'),
('186','et','9'),
('188','veritatis','1'),
('189','maxime','4'),
('191','qui','7'),
('192','aut','3'),
('193','accusantium','6'),
('194','sapiente','3'),
('195','deleniti','7'),
('196','enim','1'),
('197','maiores','3'),
('198','nesciunt','6'),
('199','dolorem','2'),
('200','vel','2'); 


DROP TABLE IF EXISTS `friend_requiests`;
CREATE TABLE `friend_requiests` (
  `initiator_user_id` bigint(20) unsigned NOT NULL,
  `target_user_id` bigint(20) unsigned NOT NULL,
  `status` enum('requested','approved','unfirended','declined') COLLATE utf8_unicode_ci DEFAULT NULL,
  `created_at` datetime DEFAULT current_timestamp(),
  `updated_at` datetime DEFAULT NULL ON UPDATE current_timestamp(),
  PRIMARY KEY (`initiator_user_id`,`target_user_id`),
  KEY `initiator_user_id` (`initiator_user_id`),
  KEY `target_user_id` (`target_user_id`),
  CONSTRAINT `friend_requiests_ibfk_1` FOREIGN KEY (`initiator_user_id`) REFERENCES `users` (`id`),
  CONSTRAINT `friend_requiests_ibfk_2` FOREIGN KEY (`target_user_id`) REFERENCES `users` (`id`)
) ENGINE=InnoDB DEFAULT CHARSET=utf8 COLLATE=utf8_unicode_ci;

INSERT INTO `friend_requiests` VALUES ('5','1','approved','1984-02-20 08:08:05','2010-10-28 05:24:19'),
('23','7','unfirended','1977-10-29 04:21:46','1983-08-21 15:55:17'),
('41','15','requested','2014-10-10 16:42:22','1974-10-02 07:12:44'),
('43','84','requested','1971-03-23 13:57:44','1996-02-08 02:17:37'),
('58','8','declined','1996-04-20 06:09:32','1989-08-14 06:25:21'),
('90','57','requested','2014-09-25 19:32:06','1970-10-24 10:53:35'); 


DROP TABLE IF EXISTS `likes`;
CREATE TABLE `likes` (
  `id` bigint(20) unsigned NOT NULL AUTO_INCREMENT,
  `user_id` bigint(20) unsigned NOT NULL,
  `media_id` bigint(20) unsigned NOT NULL,
  `created_at` datetime DEFAULT current_timestamp(),
  PRIMARY KEY (`id`),
  KEY `user_id` (`user_id`),
  KEY `media_id` (`media_id`),
  CONSTRAINT `likes_ibfk_1` FOREIGN KEY (`user_id`) REFERENCES `users` (`id`),
  CONSTRAINT `likes_ibfk_2` FOREIGN KEY (`media_id`) REFERENCES `media` (`id`)
) ENGINE=InnoDB AUTO_INCREMENT=101 DEFAULT CHARSET=utf8 COLLATE=utf8_unicode_ci;

INSERT INTO `likes` VALUES ('1','1','1','1979-12-24 13:30:10'),
('2','2','2','1986-07-06 09:50:41'),
('3','3','3','2019-10-14 04:04:28'),
('4','4','4','1976-12-17 15:14:19'),
('5','5','5','1980-08-04 09:04:54'),
('6','6','6','1994-12-09 07:48:54'),
('7','7','7','1980-10-11 14:20:59'),
('8','8','8','1982-04-29 14:02:45'),
('9','9','9','1986-07-22 02:54:13'),
('10','10','10','2016-11-14 03:14:08'),
('11','11','11','1998-07-27 14:46:48'),
('12','12','12','1982-03-15 21:43:25'),
('13','13','13','1982-02-15 00:36:58'),
('14','14','14','2011-03-05 23:22:58'),
('15','15','15','1987-03-15 12:04:08'),
('16','16','16','1986-04-02 04:17:39'),
('17','17','17','1988-02-03 19:19:43'),
('18','18','18','2018-07-07 08:26:42'),
('19','19','19','1981-03-29 18:38:58'),
('20','20','20','1970-08-21 09:48:13'),
('21','21','21','1970-08-03 21:06:18'),
('22','22','22','2001-01-31 20:43:19'),
('23','23','23','2020-01-30 14:13:35'),
('24','24','24','1995-01-10 21:10:25'),
('25','25','25','2009-11-26 17:14:08'),
('26','26','26','2009-06-08 20:26:07'),
('27','27','27','2004-04-28 07:21:33'),
('28','28','28','2000-08-23 12:47:54'),
('29','29','29','1993-08-28 03:02:12'),
('30','30','30','1973-07-15 16:52:11'),
('31','31','31','1987-06-07 07:09:12'),
('32','32','32','2013-01-28 20:32:24'),
('33','33','33','1987-05-07 03:27:52'),
('34','34','34','1992-07-22 11:53:20'),
('35','35','35','1994-04-18 23:46:35'),
('36','36','36','1974-10-12 00:11:41'),
('37','37','37','1985-12-09 00:31:38'),
('38','38','38','1972-02-26 01:23:23'),
('39','39','39','1984-12-20 11:05:51'),
('40','40','40','1990-04-25 19:55:45'),
('41','41','41','1991-07-09 09:16:30'),
('42','42','42','2013-08-21 01:51:04'),
('43','43','43','1998-10-10 09:12:05'),
('44','44','44','2008-05-17 21:28:21'),
('45','45','45','2016-05-30 17:03:21'),
('46','46','46','1987-09-17 06:47:03'),
('47','47','47','1986-08-03 05:36:30'),
('48','48','48','1973-08-02 04:38:42'),
('49','49','49','1997-02-10 04:11:15'),
('50','50','50','1980-04-20 03:19:57'),
('51','51','51','1995-09-04 20:17:53'),
('52','52','52','1989-04-05 15:32:15'),
('53','53','53','1991-04-07 20:23:40'),
('54','54','54','1985-01-26 11:02:36'),
('55','55','55','1971-09-21 17:36:11'),
('56','56','56','1978-02-24 03:07:21'),
('57','57','57','1988-09-17 11:21:36'),
('58','58','58','2008-02-24 20:12:16'),
('59','59','59','1999-10-26 19:42:55'),
('60','60','60','1999-03-26 13:43:10'),
('61','61','61','2004-01-07 14:46:27'),
('62','62','62','2002-01-24 07:13:23'),
('63','63','63','2011-03-10 22:44:42'),
('64','64','64','1994-06-21 16:25:04'),
('65','65','65','2013-10-14 06:36:56'),
('66','66','66','2014-03-29 22:12:17'),
('67','67','67','1973-02-09 06:08:54'),
('68','68','68','2017-11-14 20:10:56'),
('69','69','69','2000-08-01 12:55:20'),
('70','70','70','1996-12-10 14:35:51'),
('71','71','71','1998-10-08 07:31:06'),
('72','72','72','1986-09-23 23:31:06'),
('73','73','73','1970-04-19 17:07:34'),
('74','74','74','2001-10-29 14:48:58'),
('75','75','75','1974-07-22 09:37:47'),
('76','76','76','2016-11-08 20:23:18'),
('77','77','77','2004-02-12 08:14:39'),
('78','78','78','2019-12-04 15:43:15'),
('79','79','79','1980-07-28 00:38:56'),
('80','80','80','1973-10-04 16:45:35'),
('81','81','81','1993-10-08 04:43:25'),
('82','82','82','2008-08-13 09:27:58'),
('83','83','83','1996-08-13 01:07:19'),
('84','84','84','1981-09-26 16:00:14'),
('85','85','85','2005-05-17 09:52:10'),
('86','86','86','2014-05-13 03:31:23'),
('87','87','87','1979-02-01 20:18:56'),
('88','88','88','1982-12-13 06:04:17'),
('89','89','89','1981-06-18 16:39:45'),
('90','90','90','1988-12-28 17:13:09'),
('91','91','91','2008-10-04 08:41:09'),
('92','92','92','2003-11-16 13:11:52'),
('93','93','93','1986-08-23 16:43:43'),
('94','94','94','2007-07-28 20:38:48'),
('95','95','95','2011-07-24 16:28:24'),
('96','96','96','1997-08-10 22:58:00'),
('97','97','97','1989-03-25 17:21:10'),
('98','98','98','2000-10-08 07:22:03'),
('99','99','99','1995-09-01 09:08:38'),
('100','100','100','1990-04-13 13:58:51'); 


DROP TABLE IF EXISTS `media`;
CREATE TABLE `media` (
  `id` bigint(20) unsigned NOT NULL AUTO_INCREMENT,
  `media_type_id` bigint(20) unsigned NOT NULL,
  `user_id` bigint(20) unsigned NOT NULL,
  `body` text COLLATE utf8_unicode_ci DEFAULT NULL,
  `filename` varchar(255) COLLATE utf8_unicode_ci DEFAULT NULL,
  `size` int(11) DEFAULT NULL,
  `metadata` longtext CHARACTER SET utf8mb4 COLLATE utf8mb4_bin DEFAULT NULL CHECK (json_valid(`metadata`)),
  `created_at` datetime DEFAULT current_timestamp(),
  `updated_at` datetime DEFAULT NULL ON UPDATE current_timestamp(),
  PRIMARY KEY (`id`),
  KEY `user_id` (`user_id`),
  KEY `media_type_id` (`media_type_id`),
  CONSTRAINT `media_ibfk_1` FOREIGN KEY (`media_type_id`) REFERENCES `media_types` (`id`),
  CONSTRAINT `media_ibfk_2` FOREIGN KEY (`user_id`) REFERENCES `users` (`id`)
) ENGINE=InnoDB AUTO_INCREMENT=101 DEFAULT CHARSET=utf8 COLLATE=utf8_unicode_ci;

INSERT INTO `media` VALUES ('1','1','1','Tenetur praesentium molestias est necessitatibus est earum. Et praesentium ut veritatis ut. Consequatur nisi et facilis et eaque. Ea et error enim adipisci tenetur eos.','in','1917',NULL,'1980-08-02 10:15:06','1996-02-20 04:56:48'),
('2','2','2','Ea ipsam doloremque aliquam sequi sunt culpa. Commodi optio odit voluptatem et a minus laboriosam. Ipsa ut occaecati non aut corrupti voluptatem. Eum eum ut aut explicabo tenetur repellendus et.','nulla','7130',NULL,'2016-06-14 20:54:10','1991-02-23 17:55:28'),
('3','3','3','Natus hic nostrum ut nulla minus. Ut dolores quas animi possimus. Perspiciatis et repudiandae consequuntur quibusdam enim corporis. Itaque quae voluptas sit dolor culpa eius aspernatur.','harum','83',NULL,'1993-02-25 11:25:10','1993-11-23 04:33:43'),
('4','4','4','Aliquam consequatur fugit atque facilis architecto facilis. Qui rerum nulla est animi dolore harum. Laborum consequatur itaque doloremque aut animi aperiam.','doloremque','336',NULL,'1985-03-23 00:55:11','1977-08-22 21:10:53'),
('5','5','5','Ea officia et commodi dolores vero. Harum unde distinctio non. Et dolores quos fuga velit nihil sit qui dolor.','saepe','556',NULL,'2013-01-23 18:12:41','1997-11-16 16:08:13'),
('6','6','6','Reiciendis exercitationem a est quibusdam ut. Maiores rerum et dignissimos ratione. Soluta numquam doloremque quo sit omnis enim.','quia','129061',NULL,'1993-06-14 17:15:06','1993-08-21 06:31:19'),
('7','7','7','Pariatur aliquid consequatur eius dignissimos accusantium. Qui qui laborum tenetur sed animi ut consectetur fuga. Quia quis aspernatur ut aut fuga. Quam eius et ut illum similique vel. Beatae ea placeat incidunt et consequatur tempora.','officia','2384783',NULL,'1996-07-13 03:13:23','2009-09-01 10:31:11'),
('8','8','8','Odit delectus iste dolorem aperiam assumenda et. Quae tempore unde dignissimos consequatur. Tempore vero perspiciatis officia nostrum.','quis','557',NULL,'1990-10-21 10:22:09','2020-04-27 11:59:15'),
('9','9','9','Accusamus assumenda provident aliquid aut. Velit est rem magni aut sint non totam.','consequuntur','0',NULL,'2019-09-01 15:53:56','2019-11-20 13:09:14'),
('10','10','10','Vel reiciendis sit commodi earum consequatur molestiae. Voluptate quidem molestiae quidem aperiam. Quos voluptatem et libero deleniti est rerum adipisci velit.','ab','619049',NULL,'2005-10-09 16:07:13','1976-01-22 05:28:22'),
('11','11','11','Ipsam ab voluptas nihil. Molestiae qui et aut omnis ut molestiae.','et','0',NULL,'2012-09-17 20:39:30','1999-07-20 22:28:34'),
('12','12','12','Aspernatur doloremque iste tenetur aliquid occaecati qui debitis explicabo. Qui magnam architecto sed impedit. Reiciendis illum rerum porro facilis enim magnam optio. Id commodi quis et.','provident','355661463',NULL,'1993-09-27 00:37:20','1979-04-08 14:04:00'),
('13','13','13','Itaque dignissimos saepe rem nesciunt. Expedita sit sed eveniet repellendus debitis nam dolorem nihil. Provident voluptatum sit aut ratione. Veritatis officia tempore voluptatem beatae laboriosam consequatur.','alias','3149939',NULL,'1994-10-21 05:15:15','2016-06-26 23:51:57'),
('14','14','14','Ut quo occaecati dolores amet. Autem facere eos nihil. Ex cupiditate dolores nihil dolore. Sit maiores inventore odit praesentium quia.','ut','218',NULL,'1970-05-28 12:23:17','2003-07-07 08:02:38'),
('15','15','15','Nostrum est provident natus soluta incidunt id. Autem neque odio vero qui error. Facere non rem explicabo ut. Quia alias ipsam natus.','vel','12101151',NULL,'2019-08-21 00:47:03','2011-12-19 05:19:32'),
('16','16','16','Sequi itaque molestias ab illum nostrum. Vel recusandae voluptatibus labore soluta aut porro exercitationem. Non sit inventore officiis facere at autem quisquam rerum. Nobis numquam ea repudiandae in soluta dolores voluptatum.','ut','1',NULL,'1983-07-20 20:36:27','2017-04-06 07:02:54'),
('17','17','17','Labore quia et voluptas sapiente a qui reiciendis. In maxime quis eum sed. Ipsa ut explicabo cum accusamus eaque fuga sapiente.','ducimus','79',NULL,'1998-04-10 03:15:20','1997-09-10 00:09:37'),
('18','18','18','Doloribus officia iusto natus quae laboriosam consequuntur aut nobis. Optio deleniti dignissimos vel eaque velit esse et rerum. Ab rem occaecati quae consequatur. Veniam vel necessitatibus aut tempora est voluptatem ut id.','cupiditate','12336',NULL,'1989-11-29 18:38:20','2005-09-17 08:46:02'),
('19','19','19','Eaque at asperiores voluptatem consequatur sequi aspernatur libero veritatis. Eos consequatur dolores suscipit rem nam. Minima ab maxime est aut. Voluptatem esse exercitationem dolor est eveniet et sed dignissimos.','culpa','836814',NULL,'1975-04-03 23:02:41','1986-07-07 04:13:42'),
('20','20','20','Facilis dolorem animi ut ut. Totam eveniet nihil sequi assumenda illum. Molestiae omnis ut cum dignissimos consequatur esse quo architecto.','aut','0',NULL,'1977-01-31 10:31:23','1998-01-20 20:36:44'),
('21','21','21','Ex ratione sapiente cum ipsam. Ut mollitia voluptas similique expedita. Vero est tempora in dolores occaecati. Id fugit sequi voluptate non. Sit explicabo sunt sunt velit.','molestiae','5761',NULL,'1978-07-02 04:56:43','1974-06-02 17:45:25'),
('22','22','22','Reprehenderit nisi nihil qui alias quasi rerum. Nihil repellat id minima temporibus est. Laborum nostrum expedita rerum corporis adipisci et.','eum','7',NULL,'2010-12-17 19:31:57','1976-06-09 21:40:49'),
('23','23','23','Quo voluptatem quaerat esse distinctio dicta. Suscipit sunt consequuntur temporibus repudiandae assumenda facilis dolorem similique. Quia error ut qui aliquid unde.','laboriosam','0',NULL,'2003-11-21 20:39:35','1990-09-04 00:00:39'),
('24','24','24','Animi fugit harum quia illo placeat. Saepe atque voluptate laudantium quos quis provident. Nulla molestiae quibusdam neque odit. Qui tempore ex est esse id ab dolore.','ea','1',NULL,'2012-07-22 22:02:58','1995-11-02 12:39:55'),
('25','25','25','Quia dignissimos velit cum quas non. Quod sit non doloribus incidunt voluptatibus ut autem. Optio maxime enim modi sunt eos. Libero architecto voluptas qui aliquam ex distinctio consequuntur.','aperiam','1',NULL,'1997-09-10 18:29:19','2009-03-26 21:26:07'),
('26','26','26','Adipisci qui sint ut illo quasi voluptate cupiditate. Minus aperiam asperiores officia maiores ducimus ut consequatur consectetur. Numquam cumque autem officia blanditiis quaerat ut.','iure','2483',NULL,'1991-06-25 19:24:34','2016-12-08 22:33:58'),
('27','27','27','Ut labore quod ducimus cupiditate voluptatibus. Quis accusamus rerum odio voluptatibus qui optio dolorem autem.','modi','428104',NULL,'1998-12-17 20:40:07','2015-04-22 23:53:04'),
('28','28','28','Ea et nesciunt a quidem eveniet quaerat aut. Optio sed sint eum non iusto nihil. Cupiditate sequi corporis consectetur deserunt et ut cupiditate. Saepe perferendis quo voluptates incidunt. Eaque labore accusamus sunt illum ad perspiciatis.','quia','76297526',NULL,'1976-01-29 03:20:01','2016-10-26 03:31:08'),
('29','29','29','Culpa fuga aut ab ipsa. Nisi voluptate vel beatae et et ut qui. Ut ea aliquam esse officiis.','officia','2493',NULL,'2004-12-13 00:14:21','2002-05-17 19:06:24'),
('30','30','30','Ratione et qui officia et. Debitis vel qui vitae vel sed. Et temporibus consequuntur necessitatibus consectetur illo. Ratione illum fugiat optio ratione sed accusantium.','incidunt','2821219',NULL,'1997-02-04 19:05:49','2014-04-09 13:29:12'),
('31','31','31','Facilis laudantium sit dolore eveniet eveniet eligendi voluptates. Pariatur veniam cumque inventore doloremque perspiciatis. Recusandae facilis enim libero quis. Repudiandae et fuga voluptas perspiciatis ut aut.','architecto','3541063',NULL,'1979-11-16 00:41:50','2016-08-25 02:49:25'),
('32','32','32','Veritatis ducimus facere nulla itaque assumenda mollitia quibusdam. Et qui vero omnis beatae sed ipsa. Possimus est dolorum iure saepe et.','optio','682',NULL,'1980-02-09 19:40:07','1971-09-03 05:53:17'),
('33','33','33','Eius est repudiandae dolores quas iusto dolor libero. Rem vitae nulla atque esse cum omnis. Voluptas aliquid rem quo.','voluptate','82119573',NULL,'1982-02-16 00:28:09','2014-01-31 10:36:04'),
('34','34','34','Facilis est molestiae ipsa magni ab nihil. Aperiam fugit assumenda sunt qui velit. Numquam assumenda error fugit aliquam commodi magni facere sed. Qui possimus culpa ipsa qui.','tenetur','2939',NULL,'1973-07-10 01:04:42','2012-09-29 17:31:32'),
('35','35','35','Nostrum nostrum eos itaque. Molestiae dolorem dignissimos pariatur quos. Nihil harum quibusdam iste eum voluptatem nemo.','quo','397632',NULL,'2018-06-15 16:01:20','2007-02-13 20:23:31'),
('36','36','36','Eaque consequuntur voluptatibus doloribus quas. Odit aliquid ut ut deserunt corporis et nisi ex. Magnam necessitatibus veniam voluptatem.','ipsam','70',NULL,'2019-10-09 11:52:02','2012-12-05 05:39:58'),
('37','37','37','Itaque quia vero quibusdam dolorum. Est distinctio quisquam ducimus assumenda quos ducimus ut. Illum quia perferendis sunt ut aliquam. Recusandae porro facere vero nihil voluptas ratione. Eveniet laudantium itaque et repudiandae.','id','9337',NULL,'1986-03-11 14:24:48','1983-06-12 21:09:25'),
('38','38','38','Nostrum praesentium enim ipsam alias. Cupiditate iusto minus rerum quae. Est nam laborum non soluta voluptatem. A maiores blanditiis sit eaque est.','sapiente','390',NULL,'1999-06-27 14:16:19','1995-04-19 00:26:31'),
('39','39','39','Delectus minima saepe consectetur perspiciatis. Fugiat vero consequuntur magnam error dolorem qui nihil qui. Et quia laudantium voluptatem dignissimos dolorum harum.','et','37',NULL,'1998-11-04 15:07:07','1990-02-27 06:57:34'),
('40','40','40','Id atque error rerum tempora sint voluptate doloremque. Mollitia sed quia sint nisi ipsum. Quia aspernatur impedit voluptas et eos dolorem quo eaque. Voluptatem asperiores fugit porro nam nesciunt eos velit.','nam','97',NULL,'2013-01-23 00:37:14','1993-08-26 18:19:01'),
('41','41','41','Ducimus optio quod possimus. Voluptatum doloremque quia magni sapiente quos voluptatibus vel ab. Necessitatibus deleniti aperiam corporis eius. Accusamus optio iure ut ex esse.','sed','689',NULL,'1979-05-17 20:23:18','2016-04-22 18:01:28'),
('42','42','42','Quia repellat minus est temporibus illum voluptatem ipsa. Illo facilis dolorem repellat id sint harum repellat. Aut debitis deleniti aut error quod aut.','ducimus','0',NULL,'1994-01-01 00:16:52','1983-10-29 12:47:13'),
('43','43','43','Earum omnis consequuntur et voluptate vel enim quo rerum. Sit dolor eum cum odio quia. Architecto odio placeat ut aut dolores esse.','enim','907195094',NULL,'2008-09-09 15:33:32','1998-04-15 14:48:12'),
('44','44','44','Et quidem nulla minima assumenda asperiores. Consequatur quo quidem quia tempore porro ipsa quidem ut. Sunt consequatur ut quos accusantium mollitia ab. Sequi nesciunt enim ducimus reiciendis ut sed.','natus','4',NULL,'1998-06-07 02:25:22','1972-03-04 17:35:04'),
('45','45','45','Accusantium ea autem asperiores dolorem ex delectus. Tempore veritatis velit corporis natus mollitia officia est. Et at similique porro culpa dicta aut est enim. Necessitatibus velit eos eos tenetur illum perferendis dignissimos laboriosam.','laboriosam','966',NULL,'2009-09-25 20:04:00','1981-11-14 12:29:28'),
('46','46','46','Et aut suscipit vel sint cupiditate. Vel aliquid odit sed rem. Aperiam illum ad molestias. Exercitationem quae mollitia deleniti incidunt placeat voluptas.','quia','2158',NULL,'1999-03-07 08:51:47','1990-09-07 22:39:30'),
('47','47','47','Incidunt ipsum ut vel qui aliquam. Laudantium quo fugit aut nemo. Eligendi quibusdam et eius a qui aut repellendus. Culpa quia magni voluptas reiciendis id est autem est.','pariatur','940',NULL,'2002-06-26 11:33:51','2014-09-04 19:21:29'),
('48','48','48','Vel dolores ex quidem. Molestias at ut explicabo voluptas sed rerum et. Debitis quis iste facere alias sequi voluptatibus magni.','explicabo','6096047',NULL,'1979-10-29 12:49:42','1979-12-02 09:03:53'),
('49','49','49','Nisi omnis non vel excepturi. Autem voluptate quod nobis aspernatur eaque reprehenderit iusto. Quidem architecto ullam eveniet ut vitae vel omnis. Saepe sed porro sed dolor fuga sunt quod.','ut','4729058',NULL,'2015-04-15 01:23:45','1973-01-02 13:14:56'),
('50','50','50','Quod aut voluptatem libero asperiores. Qui qui enim occaecati nam dolores ea cumque. Nisi ducimus assumenda vel modi a.','expedita','75979945',NULL,'2008-12-01 15:18:02','1976-07-28 19:28:31'),
('51','51','51','Quia dolor pariatur aliquam facere quos rerum. Blanditiis reprehenderit id dolorem sit quo nostrum excepturi. Omnis et est quia est alias voluptas.','quidem','5',NULL,'2011-01-10 18:40:54','2000-10-02 07:38:15'),
('52','52','52','Quidem veritatis numquam non in. Quibusdam non ad suscipit et perferendis optio consequuntur. A quo numquam et corporis hic voluptatem. Quas quibusdam ea deleniti voluptas velit. Praesentium ut quos odio et qui.','pariatur','59',NULL,'1995-04-24 19:18:33','1992-02-21 10:59:46'),
('53','53','53','In sit harum harum nulla sed. Et et deserunt nihil id molestiae. Necessitatibus et esse quam laboriosam tempora quia nesciunt. Provident ipsam et quod sint a.','saepe','16',NULL,'1970-11-15 10:02:21','1973-03-01 01:31:30'),
('54','54','54','Id accusantium est enim provident nisi. Corporis maxime sit at maiores ut delectus ex.','veritatis','177',NULL,'1987-04-22 10:05:02','2007-05-25 13:43:34'),
('55','55','55','Itaque odit voluptatibus praesentium laboriosam velit. Perferendis qui harum molestias vero voluptatem illo voluptate.','mollitia','72051963',NULL,'2014-08-10 19:24:06','2001-08-29 08:47:11'),
('56','56','56','Voluptatem facere voluptas quis quod porro qui deserunt. Aut quia voluptas assumenda fuga maxime quae sint. Minus asperiores voluptatem tempore sed.','hic','621500301',NULL,'1984-09-17 16:56:12','2014-02-21 22:32:03'),
('57','57','57','Id autem assumenda quo esse enim amet dicta. Deserunt inventore tenetur et architecto ut ea illo. Aut rerum iusto maxime ipsum voluptas harum quis. Rerum ea et sed qui nemo facilis ea et.','ut','96',NULL,'1971-01-07 19:13:51','1975-03-25 19:32:45'),
('58','58','58','Nihil sint omnis corrupti id. Sed ex quo repellendus esse pariatur unde. Nesciunt vel quam et quis aut magni expedita. Qui aut non nihil et illo. Doloribus aut laborum ut sit nemo vitae.','ut','42211103',NULL,'1974-12-05 09:08:34','2006-08-17 17:08:19'),
('59','59','59','Ipsam itaque ratione sed repudiandae sequi quia. Sunt doloribus iure quo. Libero rerum maiores ad voluptas voluptates.','fugit','83',NULL,'1982-02-18 12:08:51','1987-03-29 15:34:35'),
('60','60','60','Dolorum illum earum voluptatem et eligendi et. Eligendi eum voluptatibus quia aut id recusandae expedita. Rem culpa culpa non aliquam.','et','520',NULL,'2005-01-26 06:24:58','2018-07-16 19:03:34'),
('61','61','61','Vero velit dolor nemo eum placeat sint et. Itaque fugit facere sunt minus provident. Distinctio necessitatibus maxime sit labore voluptatibus non sint.','tenetur','18',NULL,'1970-11-23 01:33:57','1989-04-19 12:27:25'),
('62','62','62','Est ipsum velit sed repellat aut iste. Explicabo perferendis officia non repellendus. Qui quaerat iste sit eveniet.','eligendi','5',NULL,'2019-09-24 16:58:12','2013-07-18 11:56:52'),
('63','63','63','Similique a aut sint deleniti. Labore est vel quo illo. Amet aut libero et dolorum ex. Aperiam est et ratione quia.','incidunt','0',NULL,'1986-10-16 18:36:47','1990-07-10 06:34:44'),
('64','64','64','Similique nam eligendi id libero. Quae quasi voluptas eos non aut voluptas. Sed explicabo quia sint est. Eligendi voluptates sed et est id omnis.','id','10304',NULL,'1998-11-27 03:09:43','2005-07-14 01:44:38'),
('65','65','65','Porro commodi hic ullam omnis. Voluptas repellendus ea fugit minima impedit id. Consequatur illo voluptatem quia deserunt. Nihil in debitis dolorem atque quos eos.','sapiente','43188',NULL,'1986-12-08 23:36:35','2009-05-09 02:02:28'),
('66','66','66','Ipsam mollitia necessitatibus asperiores quis asperiores. Dolor ut dignissimos qui qui deserunt. Consectetur error quidem voluptas dolores molestias blanditiis aperiam.','ut','85583445',NULL,'1972-11-07 05:37:05','1977-08-08 06:16:17'),
('67','67','67','Omnis soluta voluptate et ut illum. Ut nam tempora deleniti sit ut nihil reiciendis. Tempore magnam veritatis omnis quia enim aspernatur at.','perspiciatis','32',NULL,'1989-03-25 16:57:29','1982-08-21 07:13:36'),
('68','68','68','Aut ea dignissimos sed. Dolorem et iusto voluptatem fugit perspiciatis nihil. Accusamus et quam amet ipsam est quis.','sed','194',NULL,'1989-01-05 17:32:13','1990-10-22 03:09:44'),
('69','69','69','Pariatur dolores sit sint sit sed laboriosam eaque. Placeat sed necessitatibus enim facilis fuga dolore amet. Sit quasi dolorem et iusto quo possimus.','a','0',NULL,'1997-09-04 13:22:57','2010-03-13 10:44:02'),
('70','70','70','Quas alias magni praesentium quo non. Consequatur hic quis quia. Porro temporibus quibusdam ad similique rerum ad. Quis consequatur ut quidem sint nulla at. Mollitia sequi rerum tempora qui et ipsa.','impedit','1287',NULL,'1991-11-03 21:16:47','2018-05-22 17:22:09'),
('71','71','71','Numquam minima quia ex velit. Dolores dolor similique odit mollitia. Dolor iste enim sed vitae. Labore sapiente eveniet reprehenderit modi exercitationem quasi qui. Voluptatem veritatis et accusantium aliquid assumenda ex aut qui.','quisquam','440',NULL,'2002-02-17 18:23:23','1986-07-29 21:52:15'),
('72','72','72','Vel ipsa illo ut sit quis asperiores. Et et facere et. Dolores est sed pariatur explicabo dolores. Minima dicta molestiae debitis officia nam et sit aliquid.','sunt','930593080',NULL,'1976-04-10 05:43:04','1996-02-23 00:26:56'),
('73','73','73','Excepturi aut velit quis voluptates dolorem nulla assumenda. Est rerum dolores enim numquam dolores aut magni. Dolores aut libero eos numquam distinctio unde. Nam qui in facilis consectetur eaque aut.','et','7',NULL,'2000-12-01 19:33:37','2017-01-31 06:02:50'),
('74','74','74','Quibusdam recusandae saepe voluptatem ipsum provident ratione. Commodi libero consequuntur commodi odio aperiam rem pariatur alias. Impedit quasi alias iusto.','quaerat','7353218',NULL,'1985-05-03 12:37:07','2015-10-04 19:29:45'),
('75','75','75','Rerum consequatur aliquid et nisi nostrum quos iusto. Quasi tenetur dolore pariatur esse ducimus nulla sit.','non','77380',NULL,'1975-01-29 12:17:22','1986-12-05 15:32:05'),
('76','76','76','Ab qui pariatur dignissimos molestiae saepe impedit. Voluptatem corporis in voluptas inventore et libero. Impedit similique earum quia minus atque officiis rerum. Culpa dignissimos fuga numquam dignissimos error odit. Odio maxime dignissimos rerum quis.','numquam','21285783',NULL,'2012-09-03 21:15:29','1972-01-22 04:33:28'),
('77','77','77','Magni minus ducimus quos necessitatibus nobis. Voluptatem veritatis dolores sapiente placeat ipsum praesentium. Dolores molestiae laudantium provident harum et.','et','91',NULL,'1989-05-21 13:47:44','2015-01-10 07:35:01'),
('78','78','78','Ab facere amet eos autem culpa. Blanditiis assumenda rerum ea est est et natus. Ut qui fuga alias est molestiae minima.','ducimus','782',NULL,'2007-03-16 20:48:51','1985-03-31 04:16:05'),
('79','79','79','Blanditiis repudiandae sunt aut necessitatibus nostrum quas. Voluptatem et libero ea. Dolorem est facere et atque eos numquam temporibus. Qui nisi rerum qui libero dolor.','minima','975641',NULL,'2011-08-21 05:52:35','1994-11-27 04:53:08'),
('80','80','80','Voluptatum est qui ea quis fuga aut culpa rem. Nisi non tenetur tempore explicabo et. Tempora doloremque est sunt cum in.','aut','13754646',NULL,'2006-09-19 18:59:46','2007-10-07 09:51:14'),
('81','81','81','Accusamus maiores numquam distinctio distinctio nisi soluta. Earum tempora sed numquam voluptate sit reprehenderit expedita. Ut et assumenda minima iusto asperiores vero et saepe. Dignissimos quis molestiae aliquid sunt itaque. Esse deserunt consectetur accusamus suscipit.','non','85217',NULL,'2004-06-08 19:20:29','1992-12-20 03:05:47'),
('82','82','82','Fugiat perspiciatis optio quia molestias aliquid officiis molestias. Vero ipsam eos fugit consequatur. Laborum nisi mollitia fugit.','est','38',NULL,'2013-05-01 19:37:44','1982-02-03 08:15:58'),
('83','83','83','Aut quidem asperiores itaque sit dolores quaerat ipsa. Rerum expedita molestiae qui pariatur tenetur hic itaque. Et est dolores aut explicabo perspiciatis eos quia. Necessitatibus itaque ullam nam corrupti ipsa qui quas et.','beatae','48607222',NULL,'1992-08-30 08:54:42','1981-09-14 22:51:20'),
('84','84','84','Distinctio molestiae beatae sed labore aut. Ut minus quibusdam ea sed. Dignissimos velit voluptatum aperiam labore veritatis molestiae. Est quo incidunt dicta commodi doloribus. Aut cum et vel sit officiis.','tempora','0',NULL,'1979-04-18 02:12:44','2013-08-29 00:59:54'),
('85','85','85','Perferendis ut quia quis accusamus est. Pariatur cumque voluptate non qui fuga dicta adipisci. Ducimus qui delectus ab consectetur inventore. Sapiente voluptatem exercitationem sed sit est eveniet.','praesentium','28',NULL,'2001-11-11 02:42:47','1982-07-26 08:46:36'),
('86','86','86','In alias molestiae et inventore est vitae tempora. Corporis et consequatur reiciendis et necessitatibus sed. Aut officia quos aliquam.','assumenda','70584172',NULL,'1981-02-17 17:06:40','2018-05-20 03:39:50'),
('87','87','87','Ex quod nobis aut asperiores ducimus delectus recusandae. Qui et ullam sequi aut animi sit qui. Ut et alias corrupti qui animi voluptatem.','nihil','636302',NULL,'2006-06-20 19:22:01','1997-02-13 20:58:01'),
('88','88','88','Voluptatem temporibus iusto veritatis sit aut non. Omnis cupiditate amet autem a aut molestiae id. Deleniti tempore modi nisi. Optio minus facere reiciendis est.','in','457',NULL,'1989-09-26 15:57:32','2004-04-05 21:23:31'),
('89','89','89','Ea voluptatem est doloremque omnis est sed. Velit iste cupiditate quam veritatis. Odit ut est rerum sunt molestiae eveniet temporibus laborum.','nam','14435671',NULL,'1974-06-23 15:01:54','1980-04-20 05:36:24'),
('90','90','90','Id maxime cupiditate excepturi recusandae dolorem quaerat et. Sed est illo commodi ipsum. Nisi ullam ipsum amet quos quis eius voluptatem voluptate. Labore veritatis accusamus et sequi.','nemo','3395157',NULL,'2003-05-30 05:53:51','1986-10-15 22:29:18'),
('91','91','91','Repellendus expedita et maxime suscipit fuga. Est consequuntur quis sed. Blanditiis vero quis rerum consequuntur itaque. Officiis voluptas quasi quidem non vel.','optio','92',NULL,'1984-10-14 15:55:04','1975-01-16 17:06:58'),
('92','92','92','Quas nesciunt maxime atque. Corporis dolores consequuntur fugiat a eum ea quia provident. Enim incidunt ut quibusdam et quod. Eos iste quibusdam nulla.','assumenda','8',NULL,'1990-01-26 12:59:16','1971-11-30 20:08:25'),
('93','93','93','Est hic quidem voluptates autem placeat dolorum velit. Quia ex molestiae eos rerum. Numquam voluptatem omnis laboriosam voluptatem.','quia','34426121',NULL,'2008-04-09 11:02:16','2015-10-16 04:35:07'),
('94','94','94','Minus ut asperiores est soluta id. Inventore maxime quia maiores error porro amet qui. Quis quia voluptates rerum error maxime quia. Illo nihil nesciunt autem accusamus distinctio omnis.','minus','36602761',NULL,'1990-05-09 04:37:57','1977-08-03 08:38:29'),
('95','95','95','Vitae saepe ad omnis fugit ut aliquam. Beatae id ullam ut ut sunt asperiores. Aspernatur rerum quo placeat non.','temporibus','354474256',NULL,'1986-03-25 12:41:01','1974-05-26 20:26:35'),
('96','96','96','Nam quidem aut delectus quisquam et sunt repellat. Placeat inventore architecto ut.','error','317707',NULL,'1973-04-05 20:26:58','1983-08-17 10:38:57'),
('97','97','97','Praesentium odio nihil libero eveniet consequatur harum. Dolor et voluptates impedit similique consequatur pariatur rerum error. Aut dolor est possimus aut velit.','temporibus','922582885',NULL,'1992-06-17 04:12:03','2008-02-25 08:49:51'),
('98','98','98','Iure omnis voluptatem est recusandae. Rerum molestias est excepturi id consequatur. Sed earum nemo libero aperiam a incidunt. Laudantium ut cum voluptates sunt libero veniam.','suscipit','63146',NULL,'1979-12-26 19:00:04','1999-06-19 21:18:19'),
('99','99','99','Illum ipsa ut consequatur porro et. Pariatur quibusdam quam harum illum impedit. Laudantium dolores quidem ea soluta. Voluptate debitis aperiam error voluptatem omnis.','similique','7565',NULL,'2014-10-03 06:29:32','1987-01-06 16:52:45'),
('100','100','100','Laboriosam omnis accusamus et aut. Omnis sint qui repudiandae aut. Harum dolores tempora commodi repellendus dicta molestiae ab.','quis','57268',NULL,'1988-10-05 10:15:20','1995-04-18 00:11:10'); 


DROP TABLE IF EXISTS `media_types`;
CREATE TABLE `media_types` (
  `id` bigint(20) unsigned NOT NULL AUTO_INCREMENT,
  `name` varchar(200) COLLATE utf8_unicode_ci DEFAULT NULL,
  PRIMARY KEY (`id`)
) ENGINE=InnoDB AUTO_INCREMENT=101 DEFAULT CHARSET=utf8 COLLATE=utf8_unicode_ci;

INSERT INTO `media_types` VALUES ('1','eos'),
('2','sunt'),
('3','nulla'),
('4','itaque'),
('5','pariatur'),
('6','ratione'),
('7','et'),
('8','doloribus'),
('9','nihil'),
('10','ratione'),
('11','molestiae'),
('12','libero'),
('13','tempore'),
('14','sequi'),
('15','et'),
('16','officiis'),
('17','asperiores'),
('18','ab'),
('19','tempora'),
('20','quidem'),
('21','est'),
('22','vero'),
('23','et'),
('24','culpa'),
('25','reprehenderit'),
('26','autem'),
('27','dolore'),
('28','est'),
('29','dignissimos'),
('30','natus'),
('31','dolorem'),
('32','tenetur'),
('33','error'),
('34','eaque'),
('35','et'),
('36','ullam'),
('37','amet'),
('38','possimus'),
('39','ut'),
('40','et'),
('41','eius'),
('42','at'),
('43','aliquam'),
('44','cupiditate'),
('45','odit'),
('46','in'),
('47','at'),
('48','quia'),
('49','quia'),
('50','assumenda'),
('51','exercitationem'),
('52','ut'),
('53','ipsa'),
('54','sed'),
('55','impedit'),
('56','nesciunt'),
('57','maiores'),
('58','voluptatum'),
('59','rerum'),
('60','officia'),
('61','sit'),
('62','animi'),
('63','et'),
('64','similique'),
('65','assumenda'),
('66','accusantium'),
('67','quo'),
('68','unde'),
('69','neque'),
('70','minima'),
('71','officiis'),
('72','velit'),
('73','id'),
('74','facilis'),
('75','exercitationem'),
('76','qui'),
('77','perferendis'),
('78','quaerat'),
('79','cumque'),
('80','eos'),
('81','itaque'),
('82','est'),
('83','vero'),
('84','saepe'),
('85','iste'),
('86','magnam'),
('87','molestiae'),
('88','quia'),
('89','in'),
('90','commodi'),
('91','fuga'),
('92','delectus'),
('93','et'),
('94','necessitatibus'),
('95','nulla'),
('96','quod'),
('97','voluptate'),
('98','nihil'),
('99','minus'),
('100','voluptatibus'); 


DROP TABLE IF EXISTS `messages`;
CREATE TABLE `messages` (
  `id` bigint(20) unsigned NOT NULL AUTO_INCREMENT,
  `from_user_id` bigint(20) unsigned NOT NULL,
  `to_user_id` bigint(20) unsigned NOT NULL,
  `body` text COLLATE utf8_unicode_ci DEFAULT NULL,
  `created_at` datetime DEFAULT current_timestamp(),
  PRIMARY KEY (`id`),
  KEY `from_user_id` (`from_user_id`),
  KEY `to_user_id` (`to_user_id`),
  CONSTRAINT `messages_ibfk_1` FOREIGN KEY (`from_user_id`) REFERENCES `users` (`id`),
  CONSTRAINT `messages_ibfk_2` FOREIGN KEY (`to_user_id`) REFERENCES `users` (`id`)
) ENGINE=InnoDB AUTO_INCREMENT=201 DEFAULT CHARSET=utf8 COLLATE=utf8_unicode_ci;

INSERT INTO `messages` VALUES ('117','80','4','Explicabo ut voluptate voluptatem et corrupti sed et omnis. Facere sint aliquam quia quae. In veritatis suscipit non sunt quod. Voluptatem omnis molestiae at ad repellat consequatur aliquam.','2010-07-17 01:16:34'),
('142','48','5','Eaque laboriosam dolorem voluptas sapiente enim et eum. Consequatur illum delectus quo natus unde.','2016-08-09 18:28:09'),
('152','67','9','Distinctio unde ex at enim. Animi quasi ipsum facere adipisci. Velit nemo est ut sunt.','2004-09-06 23:21:24'),
('160','58','68','Quo pariatur qui et cupiditate debitis. Voluptatem veniam unde blanditiis eos. Vero libero fuga nulla dolores. Esse minima aut aut nemo voluptatem perferendis occaecati. Voluptas sed labore quidem dolorum.','2004-03-14 12:02:42'),
('173','4','1','Voluptatem et eaque odio qui asperiores amet iusto error. Quasi nostrum deserunt nisi autem magni ea dolorem.','1973-01-18 01:40:03'); 


DROP TABLE IF EXISTS `profiles`;
CREATE TABLE `profiles` (
  `user_id` bigint(20) unsigned NOT NULL AUTO_INCREMENT,
  `gender` char(1) COLLATE utf8_unicode_ci DEFAULT NULL,
  `birthday` date DEFAULT NULL,
  `photo_id` bigint(20) unsigned DEFAULT NULL,
  `hometown` varchar(100) COLLATE utf8_unicode_ci DEFAULT NULL,
  `created_at` datetime DEFAULT current_timestamp(),
  PRIMARY KEY (`user_id`),
  CONSTRAINT `fk_user_id` FOREIGN KEY (`user_id`) REFERENCES `users` (`id`) ON DELETE NO ACTION ON UPDATE CASCADE
) ENGINE=InnoDB AUTO_INCREMENT=101 DEFAULT CHARSET=utf8 COLLATE=utf8_unicode_ci;

INSERT INTO `profiles` VALUES ('1',NULL,'1970-08-05','7',NULL,'1980-04-16 12:16:21'),
('2',NULL,'2014-07-07','6',NULL,'2011-05-23 02:37:30'),
('3',NULL,'2009-12-22','7',NULL,'2001-01-11 14:34:27'),
('4',NULL,'1992-05-28','0',NULL,'2014-09-17 08:23:14'),
('5',NULL,'2005-12-19','2',NULL,'2018-11-01 07:04:47'),
('6',NULL,'1982-02-18','8',NULL,'1992-07-14 02:41:10'),
('7',NULL,'2010-10-02','9',NULL,'1986-06-26 11:58:00'),
('8',NULL,'1972-06-20','5',NULL,'1985-12-08 10:33:42'),
('9',NULL,'1991-10-23','6',NULL,'2008-06-13 10:45:27'),
('10',NULL,'1981-04-08','1',NULL,'1982-05-26 02:49:04'),
('11',NULL,'2003-11-22','8',NULL,'2020-05-27 00:42:56'),
('12',NULL,'2007-04-07','0',NULL,'1985-06-29 21:30:49'),
('13',NULL,'1991-04-06','5',NULL,'1994-03-23 01:03:36'),
('14',NULL,'1992-11-26','1',NULL,'2000-08-07 08:29:35'),
('15',NULL,'1986-11-29','8',NULL,'1991-09-26 08:32:54'),
('16',NULL,'1999-03-27','5',NULL,'1978-10-12 02:02:02'),
('17',NULL,'2013-04-17','5',NULL,'1996-12-25 05:13:57'),
('18',NULL,'1998-09-17','0',NULL,'1984-05-03 14:04:36'),
('19',NULL,'1986-02-09','0',NULL,'2002-12-16 03:59:33'),
('20',NULL,'1981-05-09','4',NULL,'1974-09-17 08:57:36'),
('21',NULL,'1989-01-20','8',NULL,'1986-01-09 18:58:32'),
('22',NULL,'1972-06-03','1',NULL,'2009-06-12 05:11:27'),
('23',NULL,'1981-01-03','2',NULL,'1971-07-08 23:29:06'),
('24',NULL,'1991-10-22','7',NULL,'1994-06-25 11:11:39'),
('25',NULL,'1978-03-02','3',NULL,'1970-03-25 11:28:04'),
('26',NULL,'2006-10-12','1',NULL,'1985-08-18 03:21:58'),
('27',NULL,'1970-06-14','2',NULL,'1998-10-23 00:22:51'),
('28',NULL,'2000-01-29','4',NULL,'1984-08-02 00:12:55'),
('29',NULL,'2007-09-04','6',NULL,'1990-10-06 19:12:49'),
('30',NULL,'1973-11-06','8',NULL,'1976-07-20 02:31:44'),
('31',NULL,'2019-04-03','9',NULL,'2008-02-21 06:53:59'),
('32',NULL,'1986-11-21','2',NULL,'2020-05-20 04:26:33'),
('33',NULL,'2009-06-26','9',NULL,'1993-02-17 02:11:32'),
('34',NULL,'1990-10-26','7',NULL,'1997-10-10 22:10:16'),
('35',NULL,'1982-02-23','7',NULL,'2015-03-15 03:24:49'),
('36',NULL,'1979-05-20','1',NULL,'1982-10-10 18:49:02'),
('37',NULL,'1989-12-12','8',NULL,'2006-06-13 06:24:17'),
('38',NULL,'2016-10-28','0',NULL,'1989-12-27 09:41:39'),
('39',NULL,'1998-12-06','0',NULL,'1999-05-14 09:58:15'),
('40',NULL,'1994-09-15','9',NULL,'2000-12-26 16:06:40'),
('41',NULL,'1997-02-21','8',NULL,'1976-11-18 06:15:50'),
('42',NULL,'1978-09-14','2',NULL,'1973-09-18 02:57:15'),
('43',NULL,'2009-04-24','8',NULL,'1993-06-10 04:48:26'),
('44',NULL,'1989-06-01','7',NULL,'1992-11-13 00:51:16'),
('45',NULL,'2000-06-22','2',NULL,'2003-09-04 21:30:26'),
('46',NULL,'1971-10-17','4',NULL,'2014-05-18 04:32:16'),
('47',NULL,'2002-11-04','7',NULL,'1996-01-31 23:29:29'),
('48',NULL,'2016-04-01','6',NULL,'1973-10-18 19:53:34'),
('49',NULL,'1990-03-29','1',NULL,'2001-10-25 19:09:12'),
('50',NULL,'2011-09-03','6',NULL,'2010-04-19 14:37:53'),
('51',NULL,'2009-03-04','1',NULL,'1979-04-13 22:59:20'),
('52',NULL,'1972-02-05','1',NULL,'2015-02-28 21:56:43'),
('53',NULL,'2003-02-20','2',NULL,'2006-08-17 10:13:08'),
('54',NULL,'1991-04-28','2',NULL,'1986-09-09 18:05:18'),
('55',NULL,'2011-12-30','6',NULL,'1987-09-01 05:02:51'),
('56',NULL,'2009-03-17','3',NULL,'1984-01-16 12:29:03'),
('57',NULL,'2006-05-01','0',NULL,'1989-09-29 08:52:47'),
('58',NULL,'2013-09-18','2',NULL,'1978-02-18 01:06:59'),
('59',NULL,'1992-11-25','8',NULL,'1976-10-24 09:51:59'),
('60',NULL,'1981-08-01','6',NULL,'2002-06-11 07:13:49'),
('61',NULL,'1979-10-04','6',NULL,'1994-11-06 07:38:47'),
('62',NULL,'1993-02-12','4',NULL,'2004-12-06 04:26:14'),
('63',NULL,'2006-12-07','0',NULL,'1978-03-22 17:08:02'),
('64',NULL,'1973-07-12','7',NULL,'1991-06-22 22:28:11'),
('65',NULL,'1987-02-13','2',NULL,'1979-06-13 15:15:03'),
('66',NULL,'2010-07-04','3',NULL,'1975-07-20 09:12:08'),
('67',NULL,'1983-08-26','7',NULL,'1993-02-12 12:46:30'),
('68',NULL,'1972-12-16','4',NULL,'2005-04-24 04:05:39'),
('69',NULL,'1970-04-19','8',NULL,'2002-01-25 14:18:28'),
('70',NULL,'2004-10-19','0',NULL,'1980-03-07 04:19:02'),
('71',NULL,'2015-09-25','1',NULL,'1979-06-24 21:46:06'),
('72',NULL,'1995-08-15','2',NULL,'2012-06-17 04:35:17'),
('73',NULL,'1971-08-21','4',NULL,'1990-04-21 10:09:40'),
('74',NULL,'1991-01-20','8',NULL,'1979-06-15 15:30:46'),
('75',NULL,'2014-07-08','1',NULL,'1994-05-06 02:35:36'),
('76',NULL,'1987-02-04','9',NULL,'1999-07-02 12:04:28'),
('77',NULL,'1988-06-03','4',NULL,'1983-09-04 03:05:40'),
('78',NULL,'1972-06-25','5',NULL,'2002-11-21 07:40:16'),
('79',NULL,'1979-03-30','7',NULL,'2018-09-13 23:52:09'),
('80',NULL,'2015-05-24','4',NULL,'1971-10-19 13:24:33'),
('81',NULL,'1974-01-17','0',NULL,'2005-11-25 03:14:34'),
('82',NULL,'2016-04-09','0',NULL,'2010-02-16 21:40:49'),
('83',NULL,'1985-07-06','1',NULL,'1976-11-25 07:03:59'),
('84',NULL,'2007-05-21','6',NULL,'1985-03-25 13:27:44'),
('85',NULL,'2016-02-22','0',NULL,'2015-06-02 11:49:45'),
('86',NULL,'2014-04-18','7',NULL,'1999-10-25 14:02:26'),
('87',NULL,'1978-09-01','4',NULL,'1997-11-21 02:35:48'),
('88',NULL,'2013-02-13','7',NULL,'1990-07-15 20:43:59'),
('89',NULL,'1996-05-05','8',NULL,'1993-10-01 11:29:29'),
('90',NULL,'1978-08-03','3',NULL,'1970-02-03 06:43:21'),
('91',NULL,'1981-10-04','3',NULL,'1995-10-23 17:14:41'),
('92',NULL,'1980-01-23','3',NULL,'1994-08-07 10:13:49'),
('93',NULL,'1981-10-10','6',NULL,'2002-06-25 03:11:32'),
('94',NULL,'1977-02-03','6',NULL,'1992-04-19 01:50:25'),
('95',NULL,'1985-04-08','9',NULL,'2014-01-16 05:17:06'),
('96',NULL,'1978-08-29','9',NULL,'1972-04-18 16:36:11'),
('97',NULL,'1980-04-23','6',NULL,'1993-10-17 19:57:36'),
('98',NULL,'2006-09-22','7',NULL,'1991-10-20 14:19:26'),
('99',NULL,'1985-01-20','3',NULL,'1998-11-22 22:00:43'),
('100',NULL,'2019-09-26','6',NULL,'2015-02-02 15:24:40'); 


DROP TABLE IF EXISTS `users`;
CREATE TABLE `users` (
  `id` bigint(20) unsigned NOT NULL AUTO_INCREMENT,
  `firstname` varchar(100) COLLATE utf8_unicode_ci DEFAULT NULL,
  `lastname` varchar(100) COLLATE utf8_unicode_ci DEFAULT NULL,
  `email` varchar(100) COLLATE utf8_unicode_ci DEFAULT NULL,
  `phone` varchar(100) COLLATE utf8_unicode_ci DEFAULT NULL,
  `password_hash` varchar(100) COLLATE utf8_unicode_ci DEFAULT NULL,
  PRIMARY KEY (`id`),
  UNIQUE KEY `email` (`email`),
  KEY `users_phone_idx` (`phone`),
  KEY `firstname` (`firstname`,`lastname`)
) ENGINE=InnoDB AUTO_INCREMENT=101 DEFAULT CHARSET=utf8 COLLATE=utf8_unicode_ci;

INSERT INTO `users` VALUES ('1','Darion','Konopelski','pacocha.maurine@example.org','+20(0)6864753717','de6cdef24189235d8f7ab6a2f949f60b64050514'),
('2','Major','Orn','dbotsford@example.org','1-439-884-4492x3315','d4e8bcfb3e1d798c2ff8357b37631f1a4cbfebce'),
('3','Deshaun','Yost','ledner.forrest@example.net','854.656.1910','4e332a85dbd8a9b698d21b04fe4aae23aed9cb04'),
('4','Destiny','Parker','selena.marks@example.net','895.911.5353','c7834a684ba7679a9ff2b1ed51b42a8d5be8859f'),
('5','Kamille','Yost','brakus.blair@example.net','190.200.8749','215fb1aec7ce1f85e22bbda568e8f306b62bf34a'),
('6','Twila','Schaden','mikayla27@example.org','026.375.2360','9a7d26dcf71400e9937f5c84ae4df29a846360c3'),
('7','Patrick','Green','douglas.melody@example.org','1-497-039-8033x3268','3f3eaee282f1d59076cc9826720481c1efef8269'),
('8','Merlin','Hoppe','herzog.ana@example.org','755-878-4276','cdcdbb4eff0bd63e5eb6c959b83ae78f1ce331e4'),
('9','Quinn','Schinner','zoe.jakubowski@example.net','330.708.1216x48315','fd8181c0a1ddbcaaf86135e1f77f216f9a65327b'),
('10','Leonel','Altenwerth','dan.satterfield@example.com','150.609.8097x939','896f2aca5bdb8e7336f2cbf0845b314048fb6871'),
('11','Morton','Glover','josiane.grimes@example.org','935-547-3976x38774','76af30f49f986860a20ab14a74bf6328c7378ffe'),
('12','Gregorio','Nolan','berge.suzanne@example.org','418.815.4519x59762','a9e2de516cc04b72fab7987427b0f2ec59c0d80f'),
('13','Alexandre','Borer','hamill.jacinthe@example.org','1-259-229-1112x0181','dbd1e399995a551dcdf6e06aba04181fb1105c04'),
('14','Javon','Graham','sydnee.mills@example.org','288-447-4543x66638','c95c970418752d47f16f2451fef6153ce6de3102'),
('15','Ashlee','Osinski','boris.koelpin@example.net','(657)297-2850x128','09672c139cb87d958c57fade8c6ba0da48bbfb9b'),
('16','Harvey','Wisozk','julianne.bosco@example.org','(123)495-3798x294','75a36db5564dd11e94345f14ec6a70c97714a192'),
('17','Andre','Adams','mozelle.feest@example.org','+29(5)4731331627','85b75543ef161718ccff2bb26073132d71755863'),
('18','Marianne','Pollich','beaulah.renner@example.org','1-815-231-7600x67508','99c96590f2c937b2f8f7e2f614a91165b59fc1f3'),
('19','Eula','Dicki','kerluke.verda@example.org','(623)615-3484','3d0ecc5691ccf71b5ed935a7c6a9fd9ae3483744'),
('20','Elvis','Murazik','xherzog@example.com','+43(8)5208132073','e0e0db88e09e95b5ae1895914728cbc8e943a918'),
('21','Zita','Stamm','tremblay.jerry@example.net','285.737.8058x77577','5e32f7e0a3bec7122a985d4dabbbc58b752db920'),
('22','Reggie','Corwin','golden49@example.org','1-261-549-3503x1539','0a4ce8765bbb9ac1174d231ce542c1d845c1df18'),
('23','Adrien','Barton','jefferey.becker@example.org','01840092158','8c98615c6453ff0e5be7bb23f4d760dcfdae9941'),
('24','Dedrick','Bradtke','teagan.collier@example.net','1-541-356-4444x8245','95436720c0988b8085dfe06a63a7ab262b4a8341'),
('25','Jaylan','Cormier','christa84@example.net','(217)670-2464x995','eb867675b79e6f39ae9d32294387eedffce4da86'),
('26','Gunner','Howe','odavis@example.net','259.394.9065x18242','624b7d7914245feef7f503150b23a438b81866ae'),
('27','Caterina','West','laurie.hansen@example.net','581-555-9105x51436','93d2fa3a7cc94628650d76576216299dc7f5b1b3'),
('28','Donnie','Bednar','greichel@example.net','1-940-188-5705x129','78e4b7ec2dcb6603bccb6e6e579f62bc4ade2b80'),
('29','Sim','Hodkiewicz','dorris44@example.org','02914963078','007a7a158455b56c7a11ea512e517c65b9c7a635'),
('30','Tianna','Hilll','schowalter.mortimer@example.org','076.914.5226x30792','ba3838f71de8043fc0fed9d5a3c1b6ee6b3c08d8'),
('31','Jayde','Zemlak','xprohaska@example.com','574-866-6793x4774','26fcd5a5d773e91df707366c05eb840b82bf0831'),
('32','Richmond','Steuber','ppredovic@example.net','078.688.5409x169','496f03aa7173a8d87246400a33d2db466d03505a'),
('33','Afton','Kertzmann','maureen.metz@example.com','601-868-7425','6314d43ab51a051a1c2043e5e8f3927df967e42c'),
('34','Beaulah','Wintheiser','xwolf@example.com','1-973-261-8103','2e87f3998b74742cbfeb6aa7c4b40b2002fa2d56'),
('35','Jabari','Hamill','johnathon.ritchie@example.net','(284)745-5731x6006','684985d88bb29cd71b04292b4273801f3bbf8e5f'),
('36','Asha','Brekke','smith.elenora@example.com','1-685-266-3808x2801','497b8ddd67ee3fe8912b3135a0ea325aa0459203'),
('37','Ila','Wiza','sigrid52@example.net','891-958-2507x22091','31be15324b5709a5f1535d9a04fab385e29d420a'),
('38','Mara','Ledner','reece.roberts@example.net','+02(1)1929807309','92382ad235e223d4d90f99237d355f17317e5a61'),
('39','Florine','Willms','felton.morar@example.com','1-599-276-4867x8622','f83fa481895f34c779b7b7016dc9be8d7c3f7212'),
('40','Larue','Macejkovic','jeanne07@example.com','1-977-370-7939','eff9eda11ca57b4eefb1ba30513653a6918f36c7'),
('41','Alysha','Marvin','pouros.kiley@example.net','+81(0)7374207690','11fe44e22a23fa3d0c74dce624d5c6ed1acba31f'),
('42','Meagan','Leuschke','ischulist@example.net','692-245-8826','1065fb079fa7347f11b2112f05e57d416911f304'),
('43','Daryl','Homenick','pprohaska@example.com','435.467.7170x6510','44fb151182e930460490d7d0110c5885fdbb2ccf'),
('44','Waldo','Kassulke','mraz.kiara@example.net','654.513.4448','f80d777fbec50f1b919fd76a5242e9741ffe0838'),
('45','Eunice','Labadie','tmayer@example.net','1-279-987-7732x2102','b9701a4b8812a7970b2dc2004c4f0722b72c75f5'),
('46','Violette','Satterfield','zbashirian@example.com','150.473.9282x13763','269820938fb9b9e05cc92694495a9a75bb99eb65'),
('47','Melody','Swaniawski','plangosh@example.org','(319)243-6485x243','1115cac3f53dc8a33c8d003e28fc786c631e5705'),
('48','Zachery','Crooks','reid68@example.org','992-184-3761','8a22b83add4bfe347e05eb06385989ac7c10ef74'),
('49','Cecil','Orn','jensen.kessler@example.com','180.288.1766x1233','a6c0bfedeb8c291e2fa3a472c3e9779e39f2974b'),
('50','Louie','Bernhard','bogan.mack@example.com','(062)586-6833x460','c873d35cfae49491e9e8fe9942295c1ddfc150d3'),
('51','Arne','Dickinson','pschuster@example.net','931.302.4716x07040','4e69d99d25e30dcac96086556a7809538e0c19da'),
('52','Clinton','Koss','zzieme@example.net','925-787-6331','5c415613d00d60b25ce57a0c296c1a8e9556a7dd'),
('53','Destiney','Eichmann','dsipes@example.org','605-518-0824','72d6b7d549e979f260dbc2123031cb9704e0edb4'),
('54','Gunnar','Reichert','berge.idella@example.net','(938)613-1543x428','58fa53448e42639709b0eae77222514992c11cf5'),
('55','Leon','Schmidt','ledner.destiny@example.net','+18(4)3820450244','666cc106d6ad3fe8b67cfab7a525c0149e16ca92'),
('56','Leola','Gutmann','vinnie.waters@example.org','+46(0)8984432644','2e8e615d9693b00de31aabe98c53de4cf809457a'),
('57','Rasheed','Erdman','alexa.harvey@example.net','07231906329','b0ff9a2df27296ee1c5e04fa000c4f03ca431d8b'),
('58','Esta','Schmitt','oreynolds@example.net','1-544-137-2409x576','b7e9e138430fc2b6cb2e65618cbfd77be40c39b6'),
('59','Francisco','Hoppe','luther63@example.org','938.391.1877x363','00a37e8998d304de3ad764369f7ff745479faebc'),
('60','Lisandro','Kutch','joyce.morar@example.com','+56(8)1301379476','1ba675806d767340e053653000cd34d63572c19c'),
('61','Buster','Rodriguez','torphy.denis@example.com','295-278-0501','1a1a33ba3e57f4e3c775ca11e521a2a302a0639b'),
('62','Marcia','Erdman','wade00@example.com','(443)634-6904x69717','1e27b3503605160e647151ee7bcc0acf36c139d8'),
('63','Geovany','Effertz','beier.fay@example.com','908.540.4874x057','7314cf2bfc2ce4ce4fcd9c89955ed93d8d64bd18'),
('64','Joanie','Ortiz','aidan.hirthe@example.org','+56(6)5338075561','8d483b2d84e5c759ab7159414d6c7b06b5c0eadb'),
('65','Emmie','Bruen','kuhn.vicky@example.com','09684855587','b42b06ccc3e91579db6aaea429e6f8ac146e66c4'),
('66','Moises','Rempel','heaney.jaeden@example.com','(231)918-4001','ec4772e7177f3501b9d6854b19741d19a4d8f17f'),
('67','Ora','McClure','jazmyne.smitham@example.org','194-850-6283x253','caad1ecba3325339bfb3a347a107a11438b4dfef'),
('68','Stacy','Dickinson','effertz.louisa@example.com','01564480609','d4d264290f7d05896836e4afc6c323563f3f2813'),
('69','Alva','Feil','mmccullough@example.org','734-195-5712x1105','9443071508bbfa4ae6e7220dfb0ddfe2000b1194'),
('70','Geo','Moen','sincere30@example.org','1-112-750-2127','7d45d3d3cfb24653ab77f92c9ecb8f01e476ef55'),
('71','Raleigh','Schimmel','vivienne.gleichner@example.net','(042)902-9531x0719','6dbb6c205060d997385e0753a6efa57660bbe1d8'),
('72','Amira','Windler','wmitchell@example.com','1-290-732-8331','b1a598af52addf627fdee08fd6b60eb59f84720a'),
('73','Treva','Klocko','hkub@example.org','198.260.0032x6642','162147f91803519b2bd3c6c6f254db2092dc109b'),
('74','Athena','Rogahn','jevon.turner@example.org','05763344873','50b2de17398894b045d373be4fd14f9988b35227'),
('75','Dell','Oberbrunner','abarrows@example.net','1-934-282-9425','917d858b6ef8069d934d4312cff28d67718f5169'),
('76','Kariane','Dickinson','cathrine09@example.org','(776)056-5536x24441','8f75594714b9d89b320175c2019538eee72c38c4'),
('77','Bethany','Rogahn','aufderhar.karson@example.com','376-307-7691','c1bb948a706fac81ccd54f7d58f0b3f292625a04'),
('78','Dashawn','Bashirian','welch.juliana@example.com','1-800-654-2333','e3fd32a8be0aa4f10aa69e591996ebd2b4ff40e4'),
('79','Dolly','Olson','mariana.nikolaus@example.net','(976)735-4125x9150','ef6143bda83f3dee9d1741fbc66b3bfd6cd33c0f'),
('80','Corine','Cruickshank','ceasar.cartwright@example.com','484-843-4438x50094','b273aa17884a87a9510e325b86b9dc64a7abc66e'),
('81','Hilton','Dooley','imelda.rogahn@example.net','1-773-464-3835x263','92ba4f6ad391f8dbdf6512194df6890be824476d'),
('82','Jean','Bins','tavares54@example.net','854-763-7535','3c5d95464bb5d06ad01401a5f98c96c0f941c564'),
('83','Jennifer','O\'Reilly','jo\'connell@example.com','1-620-363-3277x888','9aae0672043c68cf1d46b573b602e0c95fea1159'),
('84','Maegan','Tillman','florida.mosciski@example.com','692.816.3747x57383','0b8614f7b82ddf8498f4cab31d4a7d84820b631b'),
('85','Lilly','Grimes','simonis.hank@example.org','528.372.3475x8229','2b68e087829bf50e29248a4c9eb023b1e1b937eb'),
('86','Nathan','Stehr','schmeler.juana@example.com','06745144066','4a17e65a89e9e5b78f1199e060e34e2a2688fe5a'),
('87','Myrna','Wintheiser','cronin.conor@example.org','04942478874','45b0fda5e8c0476c149569d898e661a9a79b2dbe'),
('88','Marquise','Larkin','quigley.vicky@example.com','256-226-0788x283','463651b482e4c2a6eedf7f4e57ba389a62f295d0'),
('89','Delfina','Russel','hodkiewicz.krista@example.com','1-998-848-6589x30418','fa8d0802fea8d575f2cc9e2b0349b81fdfd64ae4'),
('90','Evans','Ankunding','brendan53@example.com','574.079.2723x1104','8771d80c13ef129da78527c218fe618bc91b11c3'),
('91','Trey','Strosin','bins.clementine@example.org','535-133-6876x57786','adc9cb5949abb6b6ffc5449fd60c8fbce03adc06'),
('92','Antwon','Mayer','hilll.rex@example.org','(702)496-3218','c8e3076ee164dafe8c2029a45d234e04ca3ae35c'),
('93','Jaydon','Sauer','acassin@example.com','460.667.3497x93049','fa8f8a49f8b795526dea3764ee1d7bc45529ed08'),
('94','Vivien','Lesch','toy12@example.org','445.949.2893x4406','6076496beb5af9425e85383b632ef98eea7310b7'),
('95','Clifton','Runte','johanna.batz@example.com','(707)106-1325','9c9a7c3fa2eaa54a9f5caec0e17209c899eed71b'),
('96','Santiago','Beatty','reyes39@example.com','761.184.9379x87458','99b115f4ed4a6b109068454031333ac9b8457986'),
('97','Chadrick','Fay','rosenbaum.brandon@example.org','1-701-397-6011x991','aa78e527127ca6634658a5ba14ccc76044ee6265'),
('98','Enos','Renner','lwitting@example.net','00499029603','834895623aac4faca4b6fbc793de2c31da06b8fc'),
('99','Alysa','Bartoletti','karelle22@example.net','+48(9)4640419394','fe42e63aaa49c3a6bba9b6ec55e8c6409002434b'),
('100','Carlo','Reichert','rempel.marlon@example.org','979-431-1120','3d22fc61dafc13e74cec796a25722aed9352f180'); 


DROP TABLE IF EXISTS `users_communities`;
CREATE TABLE `users_communities` (
  `user_id` bigint(20) unsigned NOT NULL,
  `community_id` bigint(20) unsigned NOT NULL,
  PRIMARY KEY (`user_id`,`community_id`),
  KEY `community_id` (`community_id`),
  CONSTRAINT `users_communities_ibfk_1` FOREIGN KEY (`user_id`) REFERENCES `users` (`id`),
  CONSTRAINT `users_communities_ibfk_2` FOREIGN KEY (`community_id`) REFERENCES `communities` (`id`)
) ENGINE=InnoDB DEFAULT CHARSET=utf8 COLLATE=utf8_unicode_ci;





