use booking_full;


set foreign_key_checks = 0;
INSERT INTO `book` (`id`, `user_id`, `hotel_id`, `room_id`, `facilities_id`, `date_entry`, `date_departure`, `updated_at`) VALUES ('171', 1, 84, 1, 1, '1970-08-11 00:00:00', '1970-08-09 13:01:34', '1970-08-21 23:08:18');
INSERT INTO `book` (`id`, `user_id`, `hotel_id`, `room_id`, `facilities_id`, `date_entry`, `date_departure`, `updated_at`) VALUES ('2', 2, 39, 2, 2, '1983-05-18 10:20:44', '1983-05-23 14:13:45', '1987-01-20 03:12:23');
INSERT INTO `book` (`id`, `user_id`, `hotel_id`, `room_id`, `facilities_id`, `date_entry`, `date_departure`, `updated_at`) VALUES ('170', 3, 31, 3, 3, '1998-05-18 04:38:18', '1998-05-19 06:08:16', '1970-11-04 11:34:31');
INSERT INTO `book` (`id`, `user_id`, `hotel_id`, `room_id`, `facilities_id`, `date_entry`, `date_departure`, `updated_at`) VALUES ('4', 4, 43, 4, 4, '1976-11-05 09:31:23', '1976-12-26 21:08:34', '2008-10-28 02:14:51');
INSERT INTO `book` (`id`, `user_id`, `hotel_id`, `room_id`, `facilities_id`, `date_entry`, `date_departure`, `updated_at`) VALUES ('5', 5, 86, 5, 5, '2012-06-03 06:39:58', '2012-06-05 21:15:47', '2005-09-07 08:14:15');
INSERT INTO `book` (`id`, `user_id`, `hotel_id`, `room_id`, `facilities_id`, `date_entry`, `date_departure`, `updated_at`) VALUES ('6', 6, 45, 6, 6, '2007-05-24 01:20:14', '2007-05-30 17:02:19', '2003-12-14 23:25:06');
INSERT INTO `book` (`id`, `user_id`, `hotel_id`, `room_id`, `facilities_id`, `date_entry`, `date_departure`, `updated_at`) VALUES ('7', 7, 97, 7, 7, '2018-01-28 15:38:10', '2018-10-10 13:36:44', '1976-07-16 20:07:19');
INSERT INTO `book` (`id`, `user_id`, `hotel_id`, `room_id`, `facilities_id`, `date_entry`, `date_departure`, `updated_at`) VALUES ('8', 8, 30, 8, 8, '2019-01-24 21:46:06', '2019-12-07 18:02:14', '2014-12-04 01:35:41');
INSERT INTO `book` (`id`, `user_id`, `hotel_id`, `room_id`, `facilities_id`, `date_entry`, `date_departure`, `updated_at`) VALUES ('9', 9, 20, 9, 9, '1985-07-17 21:27:30', '1985-07-27 21:44:13', '1991-04-25 22:31:36');
INSERT INTO `book` (`id`, `user_id`, `hotel_id`, `room_id`, `facilities_id`, `date_entry`, `date_departure`, `updated_at`) VALUES ('10', 10, 70, 10, 10, '1983-06-28 07:56:05', '1983-11-04 09:01:13', '1984-07-07 00:02:58');
INSERT INTO `book` (`id`, `user_id`, `hotel_id`, `room_id`, `facilities_id`, `date_entry`, `date_departure`, `updated_at`) VALUES ('11', 11, 38, 11, 11, '2014-12-01 09:05:52', '2014-12-12 05:13:49', '1992-04-12 13:34:42');
INSERT INTO `book` (`id`, `user_id`, `hotel_id`, `room_id`, `facilities_id`, `date_entry`, `date_departure`, `updated_at`) VALUES ('12', 12, 83, 12, 12, '2006-03-30 03:45:34', '2006-05-28 15:03:57', '2005-05-01 08:43:45');
INSERT INTO `book` (`id`, `user_id`, `hotel_id`, `room_id`, `facilities_id`, `date_entry`, `date_departure`, `updated_at`) VALUES ('13', 13, 61, 13, 13, '1993-02-13 23:09:56', '1993-02-21 21:27:19', '2003-08-25 06:46:09');
INSERT INTO `book` (`id`, `user_id`, `hotel_id`, `room_id`, `facilities_id`, `date_entry`, `date_departure`, `updated_at`) VALUES ('14', 14, 64, 14, 14, '2018-05-27 06:16:16', '2018-05-28 20:44:11', '1982-12-02 14:23:05');
INSERT INTO `book` (`id`, `user_id`, `hotel_id`, `room_id`, `facilities_id`, `date_entry`, `date_departure`, `updated_at`) VALUES ('15', 15, 57, 15, 15, '2017-07-04 20:41:11', '2017-08-01 03:43:17', '2003-05-24 17:45:43');
INSERT INTO `book` (`id`, `user_id`, `hotel_id`, `room_id`, `facilities_id`, `date_entry`, `date_departure`, `updated_at`) VALUES ('16', 16, 6, 16, 16, '1992-01-07 07:29:49', '1992-01-13 02:14:53', '1994-10-07 23:30:39');
INSERT INTO `book` (`id`, `user_id`, `hotel_id`, `room_id`, `facilities_id`, `date_entry`, `date_departure`, `updated_at`) VALUES ('17', 17, 3, 17, 17, '1992-03-05 05:49:10', '1992-06-29 15:18:35', '1994-01-19 05:46:48');
INSERT INTO `book` (`id`, `user_id`, `hotel_id`, `room_id`, `facilities_id`, `date_entry`, `date_departure`, `updated_at`) VALUES ('18', 18, 91, 18, 18, '2004-04-24 05:19:57', '2004-04-29 13:53:57', '1977-07-19 09:06:10');
INSERT INTO `book` (`id`, `user_id`, `hotel_id`, `room_id`, `facilities_id`, `date_entry`, `date_departure`, `updated_at`) VALUES ('19', 19, 65, 19, 19, '1970-12-09 20:43:39', '1970-12-16 07:08:20', '1987-08-15 14:09:55');
INSERT INTO `book` (`id`, `user_id`, `hotel_id`, `room_id`, `facilities_id`, `date_entry`, `date_departure`, `updated_at`) VALUES ('20', 20, 81, 20, 20, '1974-06-05 16:10:11', '1974-06-13 10:54:22', '1986-05-25 15:32:32');
INSERT INTO `book` (`id`, `user_id`, `hotel_id`, `room_id`, `facilities_id`, `date_entry`, `date_departure`, `updated_at`) VALUES ('21', 21, 92, 21, 21, '1999-06-01 10:32:35', '1999-06-08 16:10:26', '1994-08-05 07:53:28');
INSERT INTO `book` (`id`, `user_id`, `hotel_id`, `room_id`, `facilities_id`, `date_entry`, `date_departure`, `updated_at`) VALUES ('22', 22, 25, 22, 22, '1999-06-01 10:32:35', '1999-06-08 16:10:26', '1977-11-26 23:12:12');
INSERT INTO `book` (`id`, `user_id`, `hotel_id`, `room_id`, `facilities_id`, `date_entry`, `date_departure`, `updated_at`) VALUES ('23', 23, 13, 23, 23, '1999-03-12 10:35:42', '1999-04-07 10:52:48', '2006-09-02 14:34:21');
INSERT INTO `book` (`id`, `user_id`, `hotel_id`, `room_id`, `facilities_id`, `date_entry`, `date_departure`, `updated_at`) VALUES ('24', 24, 100, 24, 24, '1999-03-12 10:35:42', '1999-04-07 10:52:48', '1981-11-02 20:20:20');
INSERT INTO `book` (`id`, `user_id`, `hotel_id`, `room_id`, `facilities_id`, `date_entry`, `date_departure`, `updated_at`) VALUES ('25', 25, 97, 25, 25, '2010-08-07 08:18:19', '2010-08-27 17:32:24', '1995-11-28 16:38:23');
INSERT INTO `book` (`id`, `user_id`, `hotel_id`, `room_id`, `facilities_id`, `date_entry`, `date_departure`, `updated_at`) VALUES ('26', 26, 24, 26, 26, '1986-10-16 22:27:53', '1986-10-21 06:50:27', '1978-06-27 09:12:03');
INSERT INTO `book` (`id`, `user_id`, `hotel_id`, `room_id`, `facilities_id`, `date_entry`, `date_departure`, `updated_at`) VALUES ('27', 27, 73, 27, 27, '1985-10-24 05:32:18', '1985-10-26 03:03:54', '1978-06-01 05:38:52');
INSERT INTO `book` (`id`, `user_id`, `hotel_id`, `room_id`, `facilities_id`, `date_entry`, `date_departure`, `updated_at`) VALUES ('28', 28, 68, 28, 28, '1997-03-07 15:32:23', '1997-06-05 01:31:35', '2014-08-07 14:17:54');
INSERT INTO `book` (`id`, `user_id`, `hotel_id`, `room_id`, `facilities_id`, `date_entry`, `date_departure`, `updated_at`) VALUES ('29', 29, 88, 29, 29, '1970-11-11 17:22:04', '1970-11-13 03:34:29', '2012-12-22 20:50:47');
INSERT INTO `book` (`id`, `user_id`, `hotel_id`, `room_id`, `facilities_id`, `date_entry`, `date_departure`, `updated_at`) VALUES ('30', 30, 7, 30, 30, '2000-03-21 04:39:49', '2015-10-28 21:09:06', '2017-04-07 22:46:04');
INSERT INTO `book` (`id`, `user_id`, `hotel_id`, `room_id`, `facilities_id`, `date_entry`, `date_departure`, `updated_at`) VALUES ('31', 31, 69, 31, 31, '1976-12-25 01:58:17', '2017-01-15 04:01:54', '2016-06-14 17:55:04');
INSERT INTO `book` (`id`, `user_id`, `hotel_id`, `room_id`, `facilities_id`, `date_entry`, `date_departure`, `updated_at`) VALUES ('32', 32, 50, 32, 32, '1997-10-08 00:35:54', '2007-05-15 08:07:15', '2017-07-08 23:14:20');
INSERT INTO `book` (`id`, `user_id`, `hotel_id`, `room_id`, `facilities_id`, `date_entry`, `date_departure`, `updated_at`) VALUES ('33', 33, 54, 33, 33, '1985-09-17 16:52:19', '2010-04-04 06:20:21', '2007-10-24 19:12:47');
INSERT INTO `book` (`id`, `user_id`, `hotel_id`, `room_id`, `facilities_id`, `date_entry`, `date_departure`, `updated_at`) VALUES ('34', 34, 44, 34, 34, '1980-07-29 01:00:59', '2016-05-20 13:52:23', '2004-08-27 18:32:24');
INSERT INTO `book` (`id`, `user_id`, `hotel_id`, `room_id`, `facilities_id`, `date_entry`, `date_departure`, `updated_at`) VALUES ('35', 35, 53, 35, 35, '1991-03-09 23:45:42', '2008-09-01 20:44:16', '1986-03-22 00:44:05');
INSERT INTO `book` (`id`, `user_id`, `hotel_id`, `room_id`, `facilities_id`, `date_entry`, `date_departure`, `updated_at`) VALUES ('36', 36, 77, 36, 36, '1999-04-04 17:04:41', '1975-10-01 14:08:41', '1995-04-17 12:50:24');
INSERT INTO `book` (`id`, `user_id`, `hotel_id`, `room_id`, `facilities_id`, `date_entry`, `date_departure`, `updated_at`) VALUES ('37', 37, 88, 37, 37, '1989-10-01 21:21:53', '1977-11-15 00:03:05', '1995-12-17 09:38:30');
INSERT INTO `book` (`id`, `user_id`, `hotel_id`, `room_id`, `facilities_id`, `date_entry`, `date_departure`, `updated_at`) VALUES ('38', 38, 38, 38, 38, '1994-11-16 07:25:22', '1979-12-16 06:44:04', '1976-11-11 09:32:09');
INSERT INTO `book` (`id`, `user_id`, `hotel_id`, `room_id`, `facilities_id`, `date_entry`, `date_departure`, `updated_at`) VALUES ('39', 39, 29, 39, 39, '1991-05-02 13:13:07', '1989-09-04 12:33:59', '2012-11-25 05:33:13');
INSERT INTO `book` (`id`, `user_id`, `hotel_id`, `room_id`, `facilities_id`, `date_entry`, `date_departure`, `updated_at`) VALUES ('40', 40, 50, 40, 40, '1991-10-11 11:13:02', '1986-12-27 20:47:39', '1972-10-19 01:19:02');
INSERT INTO `book` (`id`, `user_id`, `hotel_id`, `room_id`, `facilities_id`, `date_entry`, `date_departure`, `updated_at`) VALUES ('41', 41, 20, 41, 41, '1985-10-12 06:16:34', '2017-01-06 04:53:28', '1981-03-23 20:53:27');
INSERT INTO `book` (`id`, `user_id`, `hotel_id`, `room_id`, `facilities_id`, `date_entry`, `date_departure`, `updated_at`) VALUES ('42', 42, 92, 42, 42, '1998-06-18 16:38:03', '1998-01-19 05:30:40', '1993-03-11 15:34:33');
INSERT INTO `book` (`id`, `user_id`, `hotel_id`, `room_id`, `facilities_id`, `date_entry`, `date_departure`, `updated_at`) VALUES ('43', 43, 42, 43, 43, '1979-03-29 06:20:45', '1995-05-02 01:13:35', '1992-10-16 05:38:00');
INSERT INTO `book` (`id`, `user_id`, `hotel_id`, `room_id`, `facilities_id`, `date_entry`, `date_departure`, `updated_at`) VALUES ('44', 44, 47, 44, 44, '2001-01-08 08:36:11', '1981-07-19 03:46:21', '2006-07-04 00:48:35');
INSERT INTO `book` (`id`, `user_id`, `hotel_id`, `room_id`, `facilities_id`, `date_entry`, `date_departure`, `updated_at`) VALUES ('45', 45, 41, 45, 45, '1978-08-18 11:09:29', '2008-02-02 11:16:31', '2004-02-21 22:09:32');
INSERT INTO `book` (`id`, `user_id`, `hotel_id`, `room_id`, `facilities_id`, `date_entry`, `date_departure`, `updated_at`) VALUES ('46', 46, 49, 46, 46, '1971-06-11 00:47:15', '2019-06-17 19:19:27', '1994-01-28 05:00:00');
INSERT INTO `book` (`id`, `user_id`, `hotel_id`, `room_id`, `facilities_id`, `date_entry`, `date_departure`, `updated_at`) VALUES ('47', 47, 65, 47, 47, '1983-02-01 01:25:21', '1989-09-30 03:40:33', '2009-09-05 09:14:18');
INSERT INTO `book` (`id`, `user_id`, `hotel_id`, `room_id`, `facilities_id`, `date_entry`, `date_departure`, `updated_at`) VALUES ('48', 48, 2, 48, 48, '2011-10-05 13:48:34', '1987-12-22 23:26:30', '1986-08-01 22:32:33');
INSERT INTO `book` (`id`, `user_id`, `hotel_id`, `room_id`, `facilities_id`, `date_entry`, `date_departure`, `updated_at`) VALUES ('49', 49, 44, 49, 49, '1995-02-27 20:20:59', '1975-11-05 23:10:36', '2000-01-01 08:10:03');
INSERT INTO `book` (`id`, `user_id`, `hotel_id`, `room_id`, `facilities_id`, `date_entry`, `date_departure`, `updated_at`) VALUES ('50', 50, 74, 50, 50, '2001-08-13 13:00:23', '2006-03-19 16:35:11', '2007-11-11 16:22:44');
INSERT INTO `book` (`id`, `user_id`, `hotel_id`, `room_id`, `facilities_id`, `date_entry`, `date_departure`, `updated_at`) VALUES ('51', 51, 45, 51, 51, '1989-05-25 20:26:40', '2000-08-25 15:46:34', '1998-10-19 04:54:29');
INSERT INTO `book` (`id`, `user_id`, `hotel_id`, `room_id`, `facilities_id`, `date_entry`, `date_departure`, `updated_at`) VALUES ('52', 52, 31, 52, 52, '1998-04-18 01:07:13', '2004-09-08 13:17:20', '2014-06-15 11:39:27');
INSERT INTO `book` (`id`, `user_id`, `hotel_id`, `room_id`, `facilities_id`, `date_entry`, `date_departure`, `updated_at`) VALUES ('53', 53, 85, 53, 53, '1970-03-11 08:46:46', '1999-02-04 09:57:21', '2015-07-16 01:04:55');
INSERT INTO `book` (`id`, `user_id`, `hotel_id`, `room_id`, `facilities_id`, `date_entry`, `date_departure`, `updated_at`) VALUES ('54', 54, 4, 54, 54, '2017-10-16 22:05:06', '1974-01-09 01:00:22', '2016-10-17 17:47:42');
INSERT INTO `book` (`id`, `user_id`, `hotel_id`, `room_id`, `facilities_id`, `date_entry`, `date_departure`, `updated_at`) VALUES ('55', 55, 78, 55, 55, '2005-05-10 15:33:23', '1986-04-17 05:54:58', '1997-10-11 13:59:48');
INSERT INTO `book` (`id`, `user_id`, `hotel_id`, `room_id`, `facilities_id`, `date_entry`, `date_departure`, `updated_at`) VALUES ('56', 56, 25, 56, 56, '2013-11-22 04:27:19', '1986-11-20 23:24:58', '2001-07-27 10:20:34');
INSERT INTO `book` (`id`, `user_id`, `hotel_id`, `room_id`, `facilities_id`, `date_entry`, `date_departure`, `updated_at`) VALUES ('57', 57, 10, 57, 57, '1994-12-02 12:38:02', '1980-10-14 04:23:12', '1993-02-02 04:01:44');
INSERT INTO `book` (`id`, `user_id`, `hotel_id`, `room_id`, `facilities_id`, `date_entry`, `date_departure`, `updated_at`) VALUES ('58', 58, 28, 58, 58, '1972-02-18 13:12:18', '1971-03-17 11:41:19', '2005-12-30 03:03:21');
INSERT INTO `book` (`id`, `user_id`, `hotel_id`, `room_id`, `facilities_id`, `date_entry`, `date_departure`, `updated_at`) VALUES ('59', 59, 41, 59, 59, '1993-05-04 01:14:06', '1997-08-10 06:28:19', '2006-07-09 04:08:59');
INSERT INTO `book` (`id`, `user_id`, `hotel_id`, `room_id`, `facilities_id`, `date_entry`, `date_departure`, `updated_at`) VALUES ('60', 60, 69, 60, 60, '1990-12-29 16:29:12', '1979-07-18 10:23:35', '2007-05-06 08:30:25');
INSERT INTO `book` (`id`, `user_id`, `hotel_id`, `room_id`, `facilities_id`, `date_entry`, `date_departure`, `updated_at`) VALUES ('61', 61, 71, 61, 61, '2017-01-06 22:42:50', '2017-05-20 03:34:08', '1994-09-08 02:17:56');
INSERT INTO `book` (`id`, `user_id`, `hotel_id`, `room_id`, `facilities_id`, `date_entry`, `date_departure`, `updated_at`) VALUES ('62', 62, 17, 62, 62, '2008-08-01 21:04:28', '1971-01-04 11:00:02', '1982-11-01 23:15:37');
INSERT INTO `book` (`id`, `user_id`, `hotel_id`, `room_id`, `facilities_id`, `date_entry`, `date_departure`, `updated_at`) VALUES ('63', 63, 95, 63, 63, '1973-11-19 06:46:05', '1971-05-21 20:56:47', '2019-09-08 18:09:42');
INSERT INTO `book` (`id`, `user_id`, `hotel_id`, `room_id`, `facilities_id`, `date_entry`, `date_departure`, `updated_at`) VALUES ('64', 64, 53, 64, 64, '1976-07-11 14:01:07', '2011-08-02 07:11:25', '2009-11-25 00:44:43');
INSERT INTO `book` (`id`, `user_id`, `hotel_id`, `room_id`, `facilities_id`, `date_entry`, `date_departure`, `updated_at`) VALUES ('65', 65, 90, 65, 65, '2013-12-28 22:09:01', '1999-11-30 16:47:24', '1973-01-09 22:59:57');
INSERT INTO `book` (`id`, `user_id`, `hotel_id`, `room_id`, `facilities_id`, `date_entry`, `date_departure`, `updated_at`) VALUES ('66', 66, 2, 66, 66, '1982-10-03 06:25:12', '2018-01-13 02:25:12', '2013-01-27 02:33:43');
INSERT INTO `book` (`id`, `user_id`, `hotel_id`, `room_id`, `facilities_id`, `date_entry`, `date_departure`, `updated_at`) VALUES ('67', 67, 35, 67, 67, '2001-02-01 08:41:40', '2012-11-08 14:23:53', '1975-06-19 06:34:14');
INSERT INTO `book` (`id`, `user_id`, `hotel_id`, `room_id`, `facilities_id`, `date_entry`, `date_departure`, `updated_at`) VALUES ('68', 68, 25, 68, 68, '1981-12-11 12:01:40', '1999-10-21 21:05:57', '2001-03-09 12:27:15');
INSERT INTO `book` (`id`, `user_id`, `hotel_id`, `room_id`, `facilities_id`, `date_entry`, `date_departure`, `updated_at`) VALUES ('69', 69, 28, 69, 69, '2016-07-18 01:50:15', '2011-11-13 22:59:45', '2001-09-15 11:39:31');
INSERT INTO `book` (`id`, `user_id`, `hotel_id`, `room_id`, `facilities_id`, `date_entry`, `date_departure`, `updated_at`) VALUES ('70', 70, 4, 70, 70, '1991-01-26 03:36:50', '1981-10-28 10:01:59', '1998-10-30 12:11:59');
INSERT INTO `book` (`id`, `user_id`, `hotel_id`, `room_id`, `facilities_id`, `date_entry`, `date_departure`, `updated_at`) VALUES ('71', 71, 66, 71, 71, '2004-07-24 02:14:28', '1998-01-07 18:27:09', '1992-01-01 12:28:45');
INSERT INTO `book` (`id`, `user_id`, `hotel_id`, `room_id`, `facilities_id`, `date_entry`, `date_departure`, `updated_at`) VALUES ('72', 72, 52, 72, 72, '2010-03-10 18:02:04', '2018-09-05 17:59:44', '1988-06-29 11:18:30');
INSERT INTO `book` (`id`, `user_id`, `hotel_id`, `room_id`, `facilities_id`, `date_entry`, `date_departure`, `updated_at`) VALUES ('73', 73, 75, 73, 73, '1991-02-05 16:22:08', '1988-08-02 05:48:12', '2007-03-19 15:30:33');
INSERT INTO `book` (`id`, `user_id`, `hotel_id`, `room_id`, `facilities_id`, `date_entry`, `date_departure`, `updated_at`) VALUES ('74', 74, 81, 74, 74, '2006-06-17 12:34:03', '1978-12-10 07:07:48', '1976-08-10 04:17:37');
INSERT INTO `book` (`id`, `user_id`, `hotel_id`, `room_id`, `facilities_id`, `date_entry`, `date_departure`, `updated_at`) VALUES ('75', 75, 65, 75, 75, '2004-11-09 15:43:16', '1984-07-23 22:32:20', '1987-06-03 02:43:21');
INSERT INTO `book` (`id`, `user_id`, `hotel_id`, `room_id`, `facilities_id`, `date_entry`, `date_departure`, `updated_at`) VALUES ('76', 76, 95, 76, 76, '1997-05-08 21:36:13', '1984-05-31 08:36:50', '2005-03-04 20:22:38');
INSERT INTO `book` (`id`, `user_id`, `hotel_id`, `room_id`, `facilities_id`, `date_entry`, `date_departure`, `updated_at`) VALUES ('77', 77, 70, 77, 77, '2006-05-09 09:36:26', '2017-04-22 22:12:46', '2007-12-27 09:22:56');
INSERT INTO `book` (`id`, `user_id`, `hotel_id`, `room_id`, `facilities_id`, `date_entry`, `date_departure`, `updated_at`) VALUES ('78', 78, 36, 78, 78, '1997-03-07 02:49:43', '1976-10-22 22:03:45', '1980-06-06 11:40:48');
INSERT INTO `book` (`id`, `user_id`, `hotel_id`, `room_id`, `facilities_id`, `date_entry`, `date_departure`, `updated_at`) VALUES ('79', 79, 96, 79, 79, '1991-10-16 01:35:53', '1973-12-12 20:38:48', '1990-07-30 04:33:05');
INSERT INTO `book` (`id`, `user_id`, `hotel_id`, `room_id`, `facilities_id`, `date_entry`, `date_departure`, `updated_at`) VALUES ('80', 80, 90, 80, 80, '2016-09-07 06:05:50', '1981-03-05 21:15:33', '2018-06-15 05:01:06');
INSERT INTO `book` (`id`, `user_id`, `hotel_id`, `room_id`, `facilities_id`, `date_entry`, `date_departure`, `updated_at`) VALUES ('81', 81, 93, 81, 81, '2015-02-08 06:13:44', '2016-12-22 07:33:59', '1999-05-10 18:10:43');
INSERT INTO `book` (`id`, `user_id`, `hotel_id`, `room_id`, `facilities_id`, `date_entry`, `date_departure`, `updated_at`) VALUES ('82', 82, 23, 82, 82, '2019-07-04 05:12:49', '1973-10-16 18:20:03', '1979-07-15 06:48:50');
INSERT INTO `book` (`id`, `user_id`, `hotel_id`, `room_id`, `facilities_id`, `date_entry`, `date_departure`, `updated_at`) VALUES ('83', 83, 29, 83, 83, '1991-09-25 03:34:39', '2009-07-12 18:39:40', '1991-07-11 00:37:14');
INSERT INTO `book` (`id`, `user_id`, `hotel_id`, `room_id`, `facilities_id`, `date_entry`, `date_departure`, `updated_at`) VALUES ('84', 84, 54, 84, 84, '2019-09-11 12:09:12', '1995-10-03 17:32:40', '1975-03-12 17:46:27');
INSERT INTO `book` (`id`, `user_id`, `hotel_id`, `room_id`, `facilities_id`, `date_entry`, `date_departure`, `updated_at`) VALUES ('85', 85, 42, 85, 85, '2015-01-04 03:32:21', '1977-04-09 06:50:51', '2012-07-11 10:34:21');
INSERT INTO `book` (`id`, `user_id`, `hotel_id`, `room_id`, `facilities_id`, `date_entry`, `date_departure`, `updated_at`) VALUES ('86', 86, 56, 86, 86, '1999-04-02 16:33:56', '1988-03-09 18:13:09', '2001-01-03 18:58:24');
INSERT INTO `book` (`id`, `user_id`, `hotel_id`, `room_id`, `facilities_id`, `date_entry`, `date_departure`, `updated_at`) VALUES ('87', 87, 54, 87, 87, '2010-08-24 02:53:45', '2016-10-25 08:28:55', '1982-09-05 02:30:09');
INSERT INTO `book` (`id`, `user_id`, `hotel_id`, `room_id`, `facilities_id`, `date_entry`, `date_departure`, `updated_at`) VALUES ('88', 88, 98, 88, 88, '2010-06-21 14:52:19', '2000-09-29 16:17:51', '1992-01-13 10:53:46');
INSERT INTO `book` (`id`, `user_id`, `hotel_id`, `room_id`, `facilities_id`, `date_entry`, `date_departure`, `updated_at`) VALUES ('89', 89, 23, 89, 89, '1971-01-03 20:32:36', '1996-04-25 22:26:07', '1999-10-24 08:24:09');
INSERT INTO `book` (`id`, `user_id`, `hotel_id`, `room_id`, `facilities_id`, `date_entry`, `date_departure`, `updated_at`) VALUES ('90', 90, 97, 90, 90, '1978-06-06 00:51:53', '2017-04-23 06:48:55', '1975-01-05 23:41:44');
INSERT INTO `book` (`id`, `user_id`, `hotel_id`, `room_id`, `facilities_id`, `date_entry`, `date_departure`, `updated_at`) VALUES ('91', 91, 54, 91, 91, '1970-07-25 03:26:12', '2005-02-04 08:02:21', '1998-06-20 21:55:40');
INSERT INTO `book` (`id`, `user_id`, `hotel_id`, `room_id`, `facilities_id`, `date_entry`, `date_departure`, `updated_at`) VALUES ('92', 92, 61, 92, 92, '1973-11-16 02:26:39', '1995-06-26 18:13:52', '2014-12-18 06:34:20');
INSERT INTO `book` (`id`, `user_id`, `hotel_id`, `room_id`, `facilities_id`, `date_entry`, `date_departure`, `updated_at`) VALUES ('93', 93, 64, 93, 93, '1994-02-24 02:58:24', '1994-05-01 07:57:42', '2002-08-10 12:09:33');
INSERT INTO `book` (`id`, `user_id`, `hotel_id`, `room_id`, `facilities_id`, `date_entry`, `date_departure`, `updated_at`) VALUES ('94', 94, 65, 94, 94, '1977-04-30 08:39:38', '1978-12-15 23:30:43', '1996-08-02 09:14:41');
INSERT INTO `book` (`id`, `user_id`, `hotel_id`, `room_id`, `facilities_id`, `date_entry`, `date_departure`, `updated_at`) VALUES ('95', 95, 64, 95, 95, '1995-06-03 18:22:53', '1990-10-08 13:31:36', '1978-01-04 20:46:44');
INSERT INTO `book` (`id`, `user_id`, `hotel_id`, `room_id`, `facilities_id`, `date_entry`, `date_departure`, `updated_at`) VALUES ('96', 96, 51, 96, 96, '2019-08-20 11:33:07', '1988-09-06 08:28:02', '1994-07-30 23:33:15');
INSERT INTO `book` (`id`, `user_id`, `hotel_id`, `room_id`, `facilities_id`, `date_entry`, `date_departure`, `updated_at`) VALUES ('97', 97, 76, 97, 97, '2016-04-19 00:31:09', '2000-10-23 16:53:23', '2007-03-24 20:45:24');
INSERT INTO `book` (`id`, `user_id`, `hotel_id`, `room_id`, `facilities_id`, `date_entry`, `date_departure`, `updated_at`) VALUES ('98', 98, 82, 98, 98, '1976-04-18 19:31:26', '1972-08-23 00:39:25', '2000-03-25 16:39:29');
INSERT INTO `book` (`id`, `user_id`, `hotel_id`, `room_id`, `facilities_id`, `date_entry`, `date_departure`, `updated_at`) VALUES ('99', 99, 31, 99, 99, '1987-08-08 23:43:56', '2017-06-20 06:16:08', '2017-07-30 05:17:03');
INSERT INTO `book` (`id`, `user_id`, `hotel_id`, `room_id`, `facilities_id`, `date_entry`, `date_departure`, `updated_at`) VALUES ('100', 100, 43, 100, 100, '1980-05-16 16:31:51', '2020-01-22 09:10:11', '2016-12-07 00:44:00');


INSERT INTO `cities` (`city_id`, `city`) VALUES ('1', 'New German');
INSERT INTO `cities` (`city_id`, `city`) VALUES ('2', 'North Bradyview');
INSERT INTO `cities` (`city_id`, `city`) VALUES ('3', 'Lake Missouri');
INSERT INTO `cities` (`city_id`, `city`) VALUES ('4', 'East Lowellside');
INSERT INTO `cities` (`city_id`, `city`) VALUES ('5', 'Rennerburgh');
INSERT INTO `cities` (`city_id`, `city`) VALUES ('6', 'West Janessaside');
INSERT INTO `cities` (`city_id`, `city`) VALUES ('7', 'Creolamouth');
INSERT INTO `cities` (`city_id`, `city`) VALUES ('8', 'South Tremayne');
INSERT INTO `cities` (`city_id`, `city`) VALUES ('9', 'North Taylor');
INSERT INTO `cities` (`city_id`, `city`) VALUES ('10', 'Daughertymouth');
INSERT INTO `cities` (`city_id`, `city`) VALUES ('11', 'Lake Kieran');
INSERT INTO `cities` (`city_id`, `city`) VALUES ('12', 'South Ashleeberg');
INSERT INTO `cities` (`city_id`, `city`) VALUES ('13', 'Wiegandville');
INSERT INTO `cities` (`city_id`, `city`) VALUES ('14', 'Glendaborough');
INSERT INTO `cities` (`city_id`, `city`) VALUES ('15', 'Port River');
INSERT INTO `cities` (`city_id`, `city`) VALUES ('16', 'Kubberg');
INSERT INTO `cities` (`city_id`, `city`) VALUES ('17', 'Port Susan');
INSERT INTO `cities` (`city_id`, `city`) VALUES ('18', 'North Hipolitoberg');
INSERT INTO `cities` (`city_id`, `city`) VALUES ('19', 'Alaynaside');
INSERT INTO `cities` (`city_id`, `city`) VALUES ('20', 'Houstonstad');
INSERT INTO `cities` (`city_id`, `city`) VALUES ('21', 'O\'Keefeshire');
INSERT INTO `cities` (`city_id`, `city`) VALUES ('22', 'Treburgh');
INSERT INTO `cities` (`city_id`, `city`) VALUES ('23', 'Batzshire');
INSERT INTO `cities` (`city_id`, `city`) VALUES ('24', 'West Arianeland');
INSERT INTO `cities` (`city_id`, `city`) VALUES ('25', 'South Ryleigh');
INSERT INTO `cities` (`city_id`, `city`) VALUES ('26', 'Doylehaven');
INSERT INTO `cities` (`city_id`, `city`) VALUES ('27', 'Lutherberg');
INSERT INTO `cities` (`city_id`, `city`) VALUES ('28', 'North Mack');
INSERT INTO `cities` (`city_id`, `city`) VALUES ('29', 'East Marianna');
INSERT INTO `cities` (`city_id`, `city`) VALUES ('30', 'Blairside');
INSERT INTO `cities` (`city_id`, `city`) VALUES ('31', 'New Jailyn');
INSERT INTO `cities` (`city_id`, `city`) VALUES ('32', 'South Victoria');
INSERT INTO `cities` (`city_id`, `city`) VALUES ('33', 'Walkermouth');
INSERT INTO `cities` (`city_id`, `city`) VALUES ('34', 'Colbyburgh');
INSERT INTO `cities` (`city_id`, `city`) VALUES ('35', 'Kochstad');
INSERT INTO `cities` (`city_id`, `city`) VALUES ('36', 'Port Brooksmouth');
INSERT INTO `cities` (`city_id`, `city`) VALUES ('37', 'New Garrett');
INSERT INTO `cities` (`city_id`, `city`) VALUES ('38', 'Moriahstad');
INSERT INTO `cities` (`city_id`, `city`) VALUES ('39', 'Kemmerstad');
INSERT INTO `cities` (`city_id`, `city`) VALUES ('40', 'Port Caleb');
INSERT INTO `cities` (`city_id`, `city`) VALUES ('41', 'South Kristaburgh');
INSERT INTO `cities` (`city_id`, `city`) VALUES ('42', 'Rainashire');
INSERT INTO `cities` (`city_id`, `city`) VALUES ('43', 'Port Jovanyberg');
INSERT INTO `cities` (`city_id`, `city`) VALUES ('44', 'East Mason');
INSERT INTO `cities` (`city_id`, `city`) VALUES ('45', 'Lake Deborahstad');
INSERT INTO `cities` (`city_id`, `city`) VALUES ('46', 'South Khalidstad');
INSERT INTO `cities` (`city_id`, `city`) VALUES ('47', 'Smithtown');
INSERT INTO `cities` (`city_id`, `city`) VALUES ('48', 'Wintheiserfurt');
INSERT INTO `cities` (`city_id`, `city`) VALUES ('49', 'West Kristian');
INSERT INTO `cities` (`city_id`, `city`) VALUES ('50', 'Port Michellemouth');
INSERT INTO `cities` (`city_id`, `city`) VALUES ('51', 'South Sid');
INSERT INTO `cities` (`city_id`, `city`) VALUES ('52', 'New Kaitlin');
INSERT INTO `cities` (`city_id`, `city`) VALUES ('53', 'Lake Marvin');
INSERT INTO `cities` (`city_id`, `city`) VALUES ('54', 'Heidenreichton');
INSERT INTO `cities` (`city_id`, `city`) VALUES ('55', 'South Jacynthe');
INSERT INTO `cities` (`city_id`, `city`) VALUES ('56', 'Mikeltown');
INSERT INTO `cities` (`city_id`, `city`) VALUES ('57', 'Lake Nels');
INSERT INTO `cities` (`city_id`, `city`) VALUES ('58', 'Kentonstad');
INSERT INTO `cities` (`city_id`, `city`) VALUES ('59', 'Kirlinburgh');
INSERT INTO `cities` (`city_id`, `city`) VALUES ('60', 'Abernathybury');
INSERT INTO `cities` (`city_id`, `city`) VALUES ('61', 'Lake Normaland');
INSERT INTO `cities` (`city_id`, `city`) VALUES ('62', 'Hoppemouth');
INSERT INTO `cities` (`city_id`, `city`) VALUES ('63', 'Annabelport');
INSERT INTO `cities` (`city_id`, `city`) VALUES ('64', 'Gunnerfurt');
INSERT INTO `cities` (`city_id`, `city`) VALUES ('65', 'Daughertyburgh');
INSERT INTO `cities` (`city_id`, `city`) VALUES ('66', 'Ethelynborough');
INSERT INTO `cities` (`city_id`, `city`) VALUES ('67', 'Demariomouth');
INSERT INTO `cities` (`city_id`, `city`) VALUES ('68', 'Bessieton');
INSERT INTO `cities` (`city_id`, `city`) VALUES ('69', 'South Garrett');
INSERT INTO `cities` (`city_id`, `city`) VALUES ('70', 'East Fredericberg');
INSERT INTO `cities` (`city_id`, `city`) VALUES ('71', 'McLaughlinville');
INSERT INTO `cities` (`city_id`, `city`) VALUES ('72', 'Tomasaland');
INSERT INTO `cities` (`city_id`, `city`) VALUES ('73', 'Collinsland');
INSERT INTO `cities` (`city_id`, `city`) VALUES ('74', 'East Elisabeth');
INSERT INTO `cities` (`city_id`, `city`) VALUES ('75', 'Lake Heidi');
INSERT INTO `cities` (`city_id`, `city`) VALUES ('76', 'Port Landen');
INSERT INTO `cities` (`city_id`, `city`) VALUES ('77', 'Port Patrickfurt');
INSERT INTO `cities` (`city_id`, `city`) VALUES ('78', 'Lake Dillon');
INSERT INTO `cities` (`city_id`, `city`) VALUES ('79', 'Melvinfort');
INSERT INTO `cities` (`city_id`, `city`) VALUES ('80', 'Rebeccaborough');
INSERT INTO `cities` (`city_id`, `city`) VALUES ('81', 'South Arne');
INSERT INTO `cities` (`city_id`, `city`) VALUES ('82', 'New Milfordside');
INSERT INTO `cities` (`city_id`, `city`) VALUES ('83', 'New Estaville');
INSERT INTO `cities` (`city_id`, `city`) VALUES ('84', 'South Alessandroberg');
INSERT INTO `cities` (`city_id`, `city`) VALUES ('85', 'Ilianabury');
INSERT INTO `cities` (`city_id`, `city`) VALUES ('86', 'West Jamalmouth');
INSERT INTO `cities` (`city_id`, `city`) VALUES ('87', 'Larkinville');
INSERT INTO `cities` (`city_id`, `city`) VALUES ('88', 'Lake Reese');
INSERT INTO `cities` (`city_id`, `city`) VALUES ('89', 'New Jose');
INSERT INTO `cities` (`city_id`, `city`) VALUES ('90', 'Grimesville');
INSERT INTO `cities` (`city_id`, `city`) VALUES ('91', 'Eliseotown');
INSERT INTO `cities` (`city_id`, `city`) VALUES ('92', 'North Aliaport');
INSERT INTO `cities` (`city_id`, `city`) VALUES ('93', 'Antonettemouth');
INSERT INTO `cities` (`city_id`, `city`) VALUES ('94', 'Floyberg');
INSERT INTO `cities` (`city_id`, `city`) VALUES ('95', 'North Damian');
INSERT INTO `cities` (`city_id`, `city`) VALUES ('96', 'East Carmelo');
INSERT INTO `cities` (`city_id`, `city`) VALUES ('97', 'Nicolasfort');
INSERT INTO `cities` (`city_id`, `city`) VALUES ('98', 'Lake Olga');
INSERT INTO `cities` (`city_id`, `city`) VALUES ('99', 'Schadenton');
INSERT INTO `cities` (`city_id`, `city`) VALUES ('100', 'Alethamouth');


INSERT INTO `countries` (`country_id`, `name`) VALUES ('1', 'Illinois');
INSERT INTO `countries` (`country_id`, `name`) VALUES ('2', 'Alaska');
INSERT INTO `countries` (`country_id`, `name`) VALUES ('3', 'Connecticut');
INSERT INTO `countries` (`country_id`, `name`) VALUES ('4', 'Florida');
INSERT INTO `countries` (`country_id`, `name`) VALUES ('5', 'Massachusetts');
INSERT INTO `countries` (`country_id`, `name`) VALUES ('6', 'Maryland');
INSERT INTO `countries` (`country_id`, `name`) VALUES ('7', 'Idaho');
INSERT INTO `countries` (`country_id`, `name`) VALUES ('8', 'Minnesota');
INSERT INTO `countries` (`country_id`, `name`) VALUES ('9', 'Alabama');
INSERT INTO `countries` (`country_id`, `name`) VALUES ('10', 'RhodeIsland');
INSERT INTO `countries` (`country_id`, `name`) VALUES ('11', 'SouthCarolina');
INSERT INTO `countries` (`country_id`, `name`) VALUES ('12', 'WestVirginia');
INSERT INTO `countries` (`country_id`, `name`) VALUES ('13', 'Kentucky');
INSERT INTO `countries` (`country_id`, `name`) VALUES ('14', 'Indiana');
INSERT INTO `countries` (`country_id`, `name`) VALUES ('15', 'WestVirginia');
INSERT INTO `countries` (`country_id`, `name`) VALUES ('16', 'NewJersey');
INSERT INTO `countries` (`country_id`, `name`) VALUES ('17', 'Pennsylvania');
INSERT INTO `countries` (`country_id`, `name`) VALUES ('18', 'Colorado');
INSERT INTO `countries` (`country_id`, `name`) VALUES ('19', 'Oregon');
INSERT INTO `countries` (`country_id`, `name`) VALUES ('20', 'SouthDakota');
INSERT INTO `countries` (`country_id`, `name`) VALUES ('21', 'Pennsylvania');
INSERT INTO `countries` (`country_id`, `name`) VALUES ('22', 'Iowa');
INSERT INTO `countries` (`country_id`, `name`) VALUES ('23', 'Minnesota');
INSERT INTO `countries` (`country_id`, `name`) VALUES ('24', 'NewJersey');
INSERT INTO `countries` (`country_id`, `name`) VALUES ('25', 'Oregon');
INSERT INTO `countries` (`country_id`, `name`) VALUES ('26', 'Vermont');
INSERT INTO `countries` (`country_id`, `name`) VALUES ('27', 'Texas');
INSERT INTO `countries` (`country_id`, `name`) VALUES ('28', 'RhodeIsland');
INSERT INTO `countries` (`country_id`, `name`) VALUES ('29', 'Alaska');
INSERT INTO `countries` (`country_id`, `name`) VALUES ('30', 'NorthDakota');
INSERT INTO `countries` (`country_id`, `name`) VALUES ('31', 'Idaho');
INSERT INTO `countries` (`country_id`, `name`) VALUES ('32', 'Missouri');
INSERT INTO `countries` (`country_id`, `name`) VALUES ('33', 'Delaware');
INSERT INTO `countries` (`country_id`, `name`) VALUES ('34', 'Nebraska');
INSERT INTO `countries` (`country_id`, `name`) VALUES ('35', 'Kansas');
INSERT INTO `countries` (`country_id`, `name`) VALUES ('36', 'Alabama');
INSERT INTO `countries` (`country_id`, `name`) VALUES ('37', 'NorthDakota');
INSERT INTO `countries` (`country_id`, `name`) VALUES ('38', 'Mississippi');
INSERT INTO `countries` (`country_id`, `name`) VALUES ('39', 'NorthDakota');
INSERT INTO `countries` (`country_id`, `name`) VALUES ('40', 'Colorado');
INSERT INTO `countries` (`country_id`, `name`) VALUES ('41', 'Indiana');
INSERT INTO `countries` (`country_id`, `name`) VALUES ('42', 'Illinois');
INSERT INTO `countries` (`country_id`, `name`) VALUES ('43', 'Louisiana');
INSERT INTO `countries` (`country_id`, `name`) VALUES ('44', 'Ohio');
INSERT INTO `countries` (`country_id`, `name`) VALUES ('45', 'Minnesota');
INSERT INTO `countries` (`country_id`, `name`) VALUES ('46', 'NorthDakota');
INSERT INTO `countries` (`country_id`, `name`) VALUES ('47', 'NorthDakota');
INSERT INTO `countries` (`country_id`, `name`) VALUES ('48', 'Alaska');
INSERT INTO `countries` (`country_id`, `name`) VALUES ('49', 'NewHampshire');
INSERT INTO `countries` (`country_id`, `name`) VALUES ('50', 'Delaware');
INSERT INTO `countries` (`country_id`, `name`) VALUES ('51', 'NorthDakota');
INSERT INTO `countries` (`country_id`, `name`) VALUES ('52', 'Arkansas');
INSERT INTO `countries` (`country_id`, `name`) VALUES ('53', 'District of Columbia');
INSERT INTO `countries` (`country_id`, `name`) VALUES ('54', 'Hawaii');
INSERT INTO `countries` (`country_id`, `name`) VALUES ('55', 'Washington');
INSERT INTO `countries` (`country_id`, `name`) VALUES ('56', 'Illinois');
INSERT INTO `countries` (`country_id`, `name`) VALUES ('57', 'Kansas');
INSERT INTO `countries` (`country_id`, `name`) VALUES ('58', 'Connecticut');
INSERT INTO `countries` (`country_id`, `name`) VALUES ('59', 'Oklahoma');
INSERT INTO `countries` (`country_id`, `name`) VALUES ('60', 'Arkansas');
INSERT INTO `countries` (`country_id`, `name`) VALUES ('61', 'Iowa');
INSERT INTO `countries` (`country_id`, `name`) VALUES ('62', 'Ohio');
INSERT INTO `countries` (`country_id`, `name`) VALUES ('63', 'Wyoming');
INSERT INTO `countries` (`country_id`, `name`) VALUES ('64', 'Arizona');
INSERT INTO `countries` (`country_id`, `name`) VALUES ('65', 'Alabama');
INSERT INTO `countries` (`country_id`, `name`) VALUES ('66', 'Wisconsin');
INSERT INTO `countries` (`country_id`, `name`) VALUES ('67', 'Massachusetts');
INSERT INTO `countries` (`country_id`, `name`) VALUES ('68', 'Vermont');
INSERT INTO `countries` (`country_id`, `name`) VALUES ('69', 'Colorado');
INSERT INTO `countries` (`country_id`, `name`) VALUES ('70', 'Oregon');
INSERT INTO `countries` (`country_id`, `name`) VALUES ('71', 'Idaho');
INSERT INTO `countries` (`country_id`, `name`) VALUES ('72', 'NewYork');
INSERT INTO `countries` (`country_id`, `name`) VALUES ('73', 'Oklahoma');
INSERT INTO `countries` (`country_id`, `name`) VALUES ('74', 'Connecticut');
INSERT INTO `countries` (`country_id`, `name`) VALUES ('75', 'Vermont');
INSERT INTO `countries` (`country_id`, `name`) VALUES ('76', 'Utah');
INSERT INTO `countries` (`country_id`, `name`) VALUES ('77', 'Hawaii');
INSERT INTO `countries` (`country_id`, `name`) VALUES ('78', 'Maryland');
INSERT INTO `countries` (`country_id`, `name`) VALUES ('79', 'Tennessee');
INSERT INTO `countries` (`country_id`, `name`) VALUES ('80', 'Nebraska');
INSERT INTO `countries` (`country_id`, `name`) VALUES ('81', 'Louisiana');
INSERT INTO `countries` (`country_id`, `name`) VALUES ('82', 'Wisconsin');
INSERT INTO `countries` (`country_id`, `name`) VALUES ('83', 'Louisiana');
INSERT INTO `countries` (`country_id`, `name`) VALUES ('84', 'Virginia');
INSERT INTO `countries` (`country_id`, `name`) VALUES ('85', 'Delaware');
INSERT INTO `countries` (`country_id`, `name`) VALUES ('86', 'Wisconsin');
INSERT INTO `countries` (`country_id`, `name`) VALUES ('87', 'Pennsylvania');
INSERT INTO `countries` (`country_id`, `name`) VALUES ('88', 'Arkansas');
INSERT INTO `countries` (`country_id`, `name`) VALUES ('89', 'NorthCarolina');
INSERT INTO `countries` (`country_id`, `name`) VALUES ('90', 'Indiana');
INSERT INTO `countries` (`country_id`, `name`) VALUES ('91', 'Connecticut');
INSERT INTO `countries` (`country_id`, `name`) VALUES ('92', 'Indiana');
INSERT INTO `countries` (`country_id`, `name`) VALUES ('93', 'WestVirginia');
INSERT INTO `countries` (`country_id`, `name`) VALUES ('94', 'SouthDakota');
INSERT INTO `countries` (`country_id`, `name`) VALUES ('95', 'Maryland');
INSERT INTO `countries` (`country_id`, `name`) VALUES ('96', 'District of Columbia');
INSERT INTO `countries` (`country_id`, `name`) VALUES ('97', 'District of Columbia');
INSERT INTO `countries` (`country_id`, `name`) VALUES ('98', 'Mississippi');
INSERT INTO `countries` (`country_id`, `name`) VALUES ('99', 'District of Columbia');
INSERT INTO `countries` (`country_id`, `name`) VALUES ('100', 'Indiana');


INSERT INTO `facilities` (`id`, `hotel_id`, `service_name`, `price`, `description`) VALUES ('1', 46, 'quia', 29551, 'Quasi minima deleniti qui et aut. Nisi et quia ducimus temporibus. Sint alias sed nisi consequatur ratione quis id.');
INSERT INTO `facilities` (`id`, `hotel_id`, `service_name`, `price`, `description`) VALUES ('2', 18, 'ipsam', 0, 'Non et debitis sequi molestiae. Suscipit et ad cumque at vitae excepturi hic doloribus. Voluptatibus eos porro aut et qui dicta.');
INSERT INTO `facilities` (`id`, `hotel_id`, `service_name`, `price`, `description`) VALUES ('3', 97, 'est', 1, 'Et voluptatibus molestiae dolore unde quod voluptas cum. Tempora aspernatur voluptatem eum nam repudiandae possimus ut. Sapiente et aut atque quas sit dolor.');
INSERT INTO `facilities` (`id`, `hotel_id`, `service_name`, `price`, `description`) VALUES ('4', 33, 'fuga', 424243851, 'Assumenda esse voluptatem ut. Architecto quia sed ipsum rerum. Eos iusto aut architecto recusandae corrupti. Necessitatibus exercitationem voluptatum nam quia cum.');
INSERT INTO `facilities` (`id`, `hotel_id`, `service_name`, `price`, `description`) VALUES ('5', 70, 'cumque', 5, 'Quia consectetur aut omnis pariatur. Omnis reprehenderit consectetur voluptatem id molestias. Velit aut soluta illum omnis velit aut distinctio enim. Sint distinctio esse incidunt sit ut. Ab quo non laborum quam.');
INSERT INTO `facilities` (`id`, `hotel_id`, `service_name`, `price`, `description`) VALUES ('6', 51, 'aperiam', 19, 'Et suscipit perferendis culpa atque sed. Nesciunt in odit quae et dignissimos. Illo molestiae ipsa dignissimos earum necessitatibus.');
INSERT INTO `facilities` (`id`, `hotel_id`, `service_name`, `price`, `description`) VALUES ('7', 41, 'assumenda', 2, 'Rem ut sapiente et placeat et. Voluptatibus repudiandae doloremque provident perspiciatis. Harum animi perspiciatis temporibus et expedita.');
INSERT INTO `facilities` (`id`, `hotel_id`, `service_name`, `price`, `description`) VALUES ('8', 96, 'tempora', 20921964, 'Qui aspernatur qui perspiciatis excepturi quis delectus. Voluptate magni beatae occaecati rem et sunt omnis. A omnis aut eaque est deleniti nostrum consectetur. Consectetur molestiae quidem tempora labore commodi velit.');
INSERT INTO `facilities` (`id`, `hotel_id`, `service_name`, `price`, `description`) VALUES ('9', 54, 'similique', 89795, 'Ad vel non at et perferendis ut. Consequatur harum vero nihil aut suscipit. Et eum modi similique non est assumenda modi. Ut ut omnis accusantium velit quibusdam aut voluptate.');
INSERT INTO `facilities` (`id`, `hotel_id`, `service_name`, `price`, `description`) VALUES ('10', 48, 'soluta', 144647, 'Ea ullam voluptatem sint. Recusandae aut ut natus. Voluptas eveniet recusandae ad. Qui fugiat aut maxime maxime pariatur.');
INSERT INTO `facilities` (`id`, `hotel_id`, `service_name`, `price`, `description`) VALUES ('11', 33, 'reprehenderit', 4336, 'Veritatis commodi veniam expedita soluta molestiae nesciunt aut. Earum accusamus esse autem. Placeat iure inventore in.');
INSERT INTO `facilities` (`id`, `hotel_id`, `service_name`, `price`, `description`) VALUES ('12', 70, 'aliquid', 711372, 'Exercitationem non est aliquid ipsum asperiores esse ad voluptas. Sunt qui eos laborum rem maiores corporis. Illum iste repellendus quasi rerum quam quos delectus. Molestiae sapiente autem numquam nesciunt voluptatem distinctio vero. Architecto voluptates voluptas dolore incidunt expedita.');
INSERT INTO `facilities` (`id`, `hotel_id`, `service_name`, `price`, `description`) VALUES ('13', 26, 'accusamus', 5631285, 'Laborum ducimus omnis tenetur rerum aut et. Officiis repellendus unde sed quo alias unde. Excepturi consequatur sint et commodi aliquam quisquam omnis. Dolor esse illum ipsum aut.');
INSERT INTO `facilities` (`id`, `hotel_id`, `service_name`, `price`, `description`) VALUES ('14', 43, 'tempora', 34447, 'Nihil voluptatem debitis iste similique repellat quas dolorem. Repellendus quod animi minus ullam quia voluptatum voluptas placeat. Fuga inventore sapiente autem exercitationem cum quia placeat.');
INSERT INTO `facilities` (`id`, `hotel_id`, `service_name`, `price`, `description`) VALUES ('15', 58, 'eveniet', 72748132, 'Culpa deleniti vel dolorum aut illum. Sunt et culpa fugiat omnis quia. Sit quo est consequatur enim rerum. Ea dolorem alias ullam tempora.');
INSERT INTO `facilities` (`id`, `hotel_id`, `service_name`, `price`, `description`) VALUES ('16', 80, 'sint', 1088, 'Natus aspernatur ea qui atque. Quisquam rerum aliquam modi rerum nemo. Sunt hic tempora sunt.');
INSERT INTO `facilities` (`id`, `hotel_id`, `service_name`, `price`, `description`) VALUES ('17', 80, 'maiores', 6896, 'Cum accusamus doloremque fugit odit nemo. Consectetur possimus aliquid perspiciatis quas cum. Nihil nesciunt ut perspiciatis saepe.');
INSERT INTO `facilities` (`id`, `hotel_id`, `service_name`, `price`, `description`) VALUES ('18', 63, 'ipsa', 614023851, 'Similique est nostrum sed autem. Expedita expedita atque ipsam harum enim.');
INSERT INTO `facilities` (`id`, `hotel_id`, `service_name`, `price`, `description`) VALUES ('19', 55, 'libero', 5, 'Voluptas voluptates suscipit sint rerum tempore est. Sint sint dolores voluptatum quia veniam odit. Dignissimos cupiditate ut enim nihil sed ratione a. Et quaerat laboriosam ea sint ut quaerat quasi ex.');
INSERT INTO `facilities` (`id`, `hotel_id`, `service_name`, `price`, `description`) VALUES ('20', 37, 'est', 184, 'Dolorem provident eaque earum cumque. Ut nostrum deleniti aliquid nesciunt aut quo. Numquam quas consectetur optio quis deserunt nemo.');
INSERT INTO `facilities` (`id`, `hotel_id`, `service_name`, `price`, `description`) VALUES ('21', 74, 'voluptatem', 5527, 'Placeat doloribus laboriosam dolores aliquid reiciendis eum. Eligendi aliquid minus excepturi ut dolore asperiores. Doloremque qui voluptas autem qui. Voluptatem quasi officia facere sequi quisquam est mollitia.');
INSERT INTO `facilities` (`id`, `hotel_id`, `service_name`, `price`, `description`) VALUES ('22', 39, 'deserunt', 6262377, 'Sed eum et sequi tenetur. Id est qui quidem numquam. Ab aut vitae itaque esse illo rem.');
INSERT INTO `facilities` (`id`, `hotel_id`, `service_name`, `price`, `description`) VALUES ('23', 55, 'enim', 0, 'Deserunt deleniti mollitia omnis voluptatem sequi assumenda. Impedit dolores aut delectus molestiae ad et rerum. Quisquam quae pariatur minima quia sed odit.');
INSERT INTO `facilities` (`id`, `hotel_id`, `service_name`, `price`, `description`) VALUES ('24', 43, 'impedit', 1602633, 'Magni pariatur et voluptatem rerum fugit consequatur. Ab deleniti est eos repellendus nisi quaerat eum. Deserunt quam eos est quo.');
INSERT INTO `facilities` (`id`, `hotel_id`, `service_name`, `price`, `description`) VALUES ('25', 41, 'et', 7456285, 'Delectus iure repellat porro eos voluptatibus incidunt deserunt repellendus. Facilis maxime ex soluta nam ut excepturi aliquam. Aliquam modi quaerat tempora magni.');
INSERT INTO `facilities` (`id`, `hotel_id`, `service_name`, `price`, `description`) VALUES ('26', 32, 'facilis', 3598954, 'Non provident est eum consequuntur. Delectus ut consequatur et quos dolorem accusantium eos. Quo esse natus assumenda quis. Libero nulla omnis voluptate eligendi est expedita.');
INSERT INTO `facilities` (`id`, `hotel_id`, `service_name`, `price`, `description`) VALUES ('27', 64, 'labore', 2, 'Eum eos quas odio numquam dicta distinctio aperiam. Accusamus accusantium maiores consectetur nobis hic. Sit reprehenderit molestiae beatae corporis similique quod non.');
INSERT INTO `facilities` (`id`, `hotel_id`, `service_name`, `price`, `description`) VALUES ('28', 63, 'et', 44342, 'Facilis eos tempora error voluptatem vel aspernatur sit. Vitae sit tempore consectetur velit aliquam est rerum dolor. Veniam eum dicta amet laboriosam aliquid totam. Similique dignissimos in fugiat eaque et.');
INSERT INTO `facilities` (`id`, `hotel_id`, `service_name`, `price`, `description`) VALUES ('29', 68, 'quia', 319330044, 'Quo ut soluta unde laboriosam est vel dolorem architecto. Dicta esse eaque quis est sequi. Sint quia dolorum in autem. Voluptates necessitatibus maxime quis et.');
INSERT INTO `facilities` (`id`, `hotel_id`, `service_name`, `price`, `description`) VALUES ('30', 38, 'autem', 572, 'Quasi officiis esse iusto repellat nam molestiae quia. Perferendis odio excepturi officiis et est. Ea voluptatem repellat fuga sed consequatur molestias.');
INSERT INTO `facilities` (`id`, `hotel_id`, `service_name`, `price`, `description`) VALUES ('31', 43, 'sint', 0, 'Cupiditate voluptatem et sed iure repellat consectetur error. Quia voluptatibus sequi fuga ducimus fugit sequi voluptas. Dolorum culpa qui unde ipsum dicta ipsam fuga.');
INSERT INTO `facilities` (`id`, `hotel_id`, `service_name`, `price`, `description`) VALUES ('32', 95, 'voluptatem', 6696063, 'Veritatis cum voluptate et velit. Est velit exercitationem commodi modi eaque natus. Ipsam sit perferendis adipisci et. Atque sed aut magnam delectus aut consectetur est.');
INSERT INTO `facilities` (`id`, `hotel_id`, `service_name`, `price`, `description`) VALUES ('33', 80, 'neque', 263600, 'Dignissimos aut non libero autem quia voluptatem doloremque deserunt. Nemo exercitationem vel hic rerum aut. Itaque beatae et ipsum eligendi. Laudantium ab sit repellendus esse.');
INSERT INTO `facilities` (`id`, `hotel_id`, `service_name`, `price`, `description`) VALUES ('34', 20, 'tenetur', 450138242, 'Et dicta quam recusandae. Voluptatem laboriosam at iste suscipit. Et voluptates sequi quas hic corporis ea quo praesentium.');
INSERT INTO `facilities` (`id`, `hotel_id`, `service_name`, `price`, `description`) VALUES ('35', 49, 'vitae', 784320, 'Qui aut distinctio id placeat. Quod sapiente neque nam in aut et quisquam. Odio commodi non corporis maxime recusandae sint.');
INSERT INTO `facilities` (`id`, `hotel_id`, `service_name`, `price`, `description`) VALUES ('36', 82, 'vel', 27723, 'Hic quisquam voluptatum atque et esse qui necessitatibus voluptas. Aut impedit ad dicta ipsa nostrum natus.');
INSERT INTO `facilities` (`id`, `hotel_id`, `service_name`, `price`, `description`) VALUES ('37', 83, 'eius', 9, 'Voluptas rerum consequatur fugit blanditiis sed iste quibusdam. Aut necessitatibus et atque. Sit accusantium blanditiis animi.');
INSERT INTO `facilities` (`id`, `hotel_id`, `service_name`, `price`, `description`) VALUES ('38', 36, 'iusto', 28729, 'Sint sunt possimus eos cumque. Libero maiores enim corrupti qui provident quisquam a et. Quia qui distinctio eum voluptates asperiores dolores. Consequuntur impedit assumenda delectus corrupti illo iure nulla quam.');
INSERT INTO `facilities` (`id`, `hotel_id`, `service_name`, `price`, `description`) VALUES ('39', 53, 'quia', 110815, 'Perspiciatis sit veniam natus nesciunt. Quaerat sit dolor itaque impedit distinctio. Doloremque non minima assumenda asperiores sit. Unde totam perspiciatis quos repellat voluptatem voluptatum aut adipisci.');
INSERT INTO `facilities` (`id`, `hotel_id`, `service_name`, `price`, `description`) VALUES ('40', 29, 'nihil', 53251, 'Quos velit quaerat quaerat aperiam cupiditate. Nulla soluta molestias unde rem dolor vel optio. Vitae cupiditate molestias non debitis sunt molestias. Voluptatem sequi totam commodi nihil officiis.');
INSERT INTO `facilities` (`id`, `hotel_id`, `service_name`, `price`, `description`) VALUES ('41', 20, 'et', 0, 'Eligendi quisquam nesciunt nam natus adipisci modi cum nemo. Eius dignissimos excepturi rerum vitae laboriosam provident quas. Quod repellendus voluptatum ut in accusantium.');
INSERT INTO `facilities` (`id`, `hotel_id`, `service_name`, `price`, `description`) VALUES ('42', 73, 'possimus', 95564160, 'Voluptatem alias assumenda possimus autem delectus aliquid reiciendis qui. Sit qui itaque ducimus. Consectetur nemo dolor aut est ipsum doloremque.');
INSERT INTO `facilities` (`id`, `hotel_id`, `service_name`, `price`, `description`) VALUES ('43', 8, 'est', 211848, 'Velit iste ut nemo et eum tempore non. Maiores error sequi minus. Assumenda id quia cupiditate iusto ut laboriosam quia.');
INSERT INTO `facilities` (`id`, `hotel_id`, `service_name`, `price`, `description`) VALUES ('44', 73, 'molestias', 3635, 'Voluptas vitae aliquam ut ab ut amet. Velit quo aut dolorem eligendi dicta illo molestias. Eveniet aliquam id magni neque consequatur molestiae.');
INSERT INTO `facilities` (`id`, `hotel_id`, `service_name`, `price`, `description`) VALUES ('45', 4, 'et', 8, 'Eum libero in voluptate cumque blanditiis quam voluptatem dolorem. Inventore nostrum aliquid quisquam ullam qui quia. Qui dolorem quis ipsa tempora excepturi dolor. Sit quis illo animi.');
INSERT INTO `facilities` (`id`, `hotel_id`, `service_name`, `price`, `description`) VALUES ('46', 36, 'enim', 22438138, 'Eos id et veniam eos minima sit. Hic fuga dicta asperiores neque repellat. Ea aut dolor rerum quia natus dignissimos. Cumque numquam et facilis beatae quibusdam possimus.');
INSERT INTO `facilities` (`id`, `hotel_id`, `service_name`, `price`, `description`) VALUES ('47', 64, 'dignissimos', 7498, 'Fugiat eveniet odio reiciendis. Est qui in beatae. Dolor consequatur quis ut dolore quia nostrum. Temporibus at esse quia sed.');
INSERT INTO `facilities` (`id`, `hotel_id`, `service_name`, `price`, `description`) VALUES ('48', 30, 'et', 494, 'Delectus delectus enim molestias minima dolorem aut ut. Cumque eum sint eveniet. Sint beatae possimus exercitationem perferendis nemo ad qui. Minima ut nemo sed eos tenetur reprehenderit.');
INSERT INTO `facilities` (`id`, `hotel_id`, `service_name`, `price`, `description`) VALUES ('49', 22, 'nihil', 3, 'Nisi deserunt dolor deserunt. Qui natus suscipit ex quasi. Nulla iusto voluptatem ut aspernatur ut sed quisquam.');
INSERT INTO `facilities` (`id`, `hotel_id`, `service_name`, `price`, `description`) VALUES ('50', 6, 'sint', 32729007, 'Ad occaecati aperiam rerum quia dicta atque et. Natus maxime dolor reprehenderit a esse. Est iste sint eaque repudiandae perferendis omnis quis quia. Omnis dolorum totam autem ut quaerat temporibus tempora.');
INSERT INTO `facilities` (`id`, `hotel_id`, `service_name`, `price`, `description`) VALUES ('51', 87, 'voluptatem', 0, 'Tenetur non temporibus autem sed ex animi. Ratione quia eveniet consequatur nesciunt dolor voluptates provident. Incidunt dignissimos dolores eligendi illum nisi.');
INSERT INTO `facilities` (`id`, `hotel_id`, `service_name`, `price`, `description`) VALUES ('52', 45, 'possimus', 274618, 'Dolor nesciunt inventore minima. Molestiae asperiores sit et rem qui. Natus consequuntur autem eaque voluptas voluptatum laboriosam ut. Magni molestiae et quia sapiente ipsum.');
INSERT INTO `facilities` (`id`, `hotel_id`, `service_name`, `price`, `description`) VALUES ('53', 53, 'minus', 19223, 'Est voluptate sunt est quia velit. Aut optio quis facilis totam. Qui qui voluptatibus ut occaecati. Optio dolorem repellendus aut possimus quo.');
INSERT INTO `facilities` (`id`, `hotel_id`, `service_name`, `price`, `description`) VALUES ('54', 43, 'totam', 16, 'Voluptatem consequatur dolore vel voluptatem perferendis sed non. Quas tenetur nisi et velit ratione quia doloribus. Rem eum atque deleniti placeat architecto eius. Aut in ut voluptatem velit.');
INSERT INTO `facilities` (`id`, `hotel_id`, `service_name`, `price`, `description`) VALUES ('55', 18, 'quam', 29, 'Dolore eum aut sit. Animi et itaque repellendus eligendi quae est. Velit sit doloremque laudantium esse omnis qui. Earum commodi accusantium voluptatem ratione cupiditate veniam nam.');
INSERT INTO `facilities` (`id`, `hotel_id`, `service_name`, `price`, `description`) VALUES ('56', 84, 'ut', 2448, 'Quia eaque qui illo ipsam et in minima. Rerum numquam et velit. Praesentium nulla nihil corporis beatae alias. Soluta sit laboriosam iure ipsa quidem et porro sint.');
INSERT INTO `facilities` (`id`, `hotel_id`, `service_name`, `price`, `description`) VALUES ('57', 23, 'rerum', 36344, 'Minima assumenda ea deleniti minus rem magnam. Qui in voluptas repellendus voluptas. Impedit et maiores non voluptas qui.');
INSERT INTO `facilities` (`id`, `hotel_id`, `service_name`, `price`, `description`) VALUES ('58', 85, 'est', 4277, 'Ut similique eaque dolorem alias. Ad praesentium ea quas voluptatem nihil rem. Rem laborum autem repellendus perferendis doloremque nihil. Est qui quo qui voluptas corporis minima est est.');
INSERT INTO `facilities` (`id`, `hotel_id`, `service_name`, `price`, `description`) VALUES ('59', 92, 'vel', 93279952, 'Quisquam inventore exercitationem quia nesciunt consequuntur. Dolor unde illo qui et nesciunt incidunt illo. Dolores doloremque qui culpa odit ex omnis velit quis. Consequuntur aut nemo ipsum sequi voluptatum.');
INSERT INTO `facilities` (`id`, `hotel_id`, `service_name`, `price`, `description`) VALUES ('60', 20, 'velit', 22, 'Et sunt minima non iste velit. Odit est reprehenderit omnis minima saepe deserunt. Eos voluptate odit itaque sunt quia.');
INSERT INTO `facilities` (`id`, `hotel_id`, `service_name`, `price`, `description`) VALUES ('61', 39, 'ducimus', 78, 'Voluptate qui consequatur cum eligendi. Iusto sed dolores iure. Facere non sed ea dolorem facilis sit perferendis.');
INSERT INTO `facilities` (`id`, `hotel_id`, `service_name`, `price`, `description`) VALUES ('62', 14, 'nulla', 112938992, 'Ducimus eum ducimus laudantium quam magnam harum. Sint velit eos expedita eos. Eum rerum maxime eligendi.');
INSERT INTO `facilities` (`id`, `hotel_id`, `service_name`, `price`, `description`) VALUES ('63', 21, 'atque', 36100287, 'Qui quis sequi laudantium nisi. Et voluptas distinctio quaerat modi debitis numquam. Omnis veritatis et maxime quis.');
INSERT INTO `facilities` (`id`, `hotel_id`, `service_name`, `price`, `description`) VALUES ('64', 30, 'repellat', 4939, 'Porro qui voluptatem enim itaque nesciunt quibusdam. In magnam nihil nisi delectus sit sed sunt fugit. Nam dolores aut nulla provident beatae. In neque numquam sint molestiae.');
INSERT INTO `facilities` (`id`, `hotel_id`, `service_name`, `price`, `description`) VALUES ('65', 89, 'necessitatibus', 99, 'Ut autem praesentium est quaerat omnis. Officia illo molestiae aperiam officia rerum dolorum sequi provident. Accusamus et et et et animi explicabo doloribus.');
INSERT INTO `facilities` (`id`, `hotel_id`, `service_name`, `price`, `description`) VALUES ('66', 27, 'sapiente', 43, 'Corrupti dolorem quaerat porro. Neque iure adipisci enim maiores dolor et. Voluptates quisquam numquam soluta hic vero in. Quaerat a est nam laborum aut. Odit fugiat debitis animi minus voluptas.');
INSERT INTO `facilities` (`id`, `hotel_id`, `service_name`, `price`, `description`) VALUES ('67', 75, 'labore', 25752, 'Eaque consectetur vel dolor et aut. Sunt magnam sit ratione sunt exercitationem et. Mollitia est laboriosam unde rerum. Aut illum omnis sint minus.');
INSERT INTO `facilities` (`id`, `hotel_id`, `service_name`, `price`, `description`) VALUES ('68', 20, 'nostrum', 12376656, 'Quaerat nulla placeat aut aut magnam libero et. Excepturi sint magni explicabo porro. Quo enim et molestiae assumenda. Unde distinctio natus odit doloribus aut.');
INSERT INTO `facilities` (`id`, `hotel_id`, `service_name`, `price`, `description`) VALUES ('69', 41, 'quia', 0, 'Quam unde voluptas aspernatur enim minima et. Vero repellendus dolor veritatis vel nostrum. Officia laudantium nam ut sit. Deserunt accusamus molestiae ipsum.');
INSERT INTO `facilities` (`id`, `hotel_id`, `service_name`, `price`, `description`) VALUES ('70', 13, 'voluptatem', 27439, 'Qui minima ullam saepe sed. Necessitatibus autem nihil at illum impedit magnam repellat. Sit corrupti culpa reiciendis.');
INSERT INTO `facilities` (`id`, `hotel_id`, `service_name`, `price`, `description`) VALUES ('71', 86, 'est', 1, 'Dicta facere minus asperiores. Vel dolores perspiciatis qui quo impedit quidem. Illum quia soluta vero autem et sapiente doloribus laboriosam.');
INSERT INTO `facilities` (`id`, `hotel_id`, `service_name`, `price`, `description`) VALUES ('72', 73, 'sapiente', 75433903, 'Nihil quam ut iste repudiandae. Nemo delectus quia et aspernatur. Sit unde ullam facere dignissimos fugiat quia quod voluptas. Reiciendis voluptatem laboriosam ab ut in voluptatem.');
INSERT INTO `facilities` (`id`, `hotel_id`, `service_name`, `price`, `description`) VALUES ('73', 96, 'voluptatibus', 722402, 'Et earum quisquam magnam totam praesentium error sed. Molestiae ut illum voluptatum earum repellat ut ut qui. Ducimus dolore iure tenetur nobis omnis impedit eum et. Excepturi nesciunt ipsum iusto.');
INSERT INTO `facilities` (`id`, `hotel_id`, `service_name`, `price`, `description`) VALUES ('74', 30, 'qui', 1282, 'Animi eveniet veritatis perspiciatis non expedita officiis recusandae. Architecto enim est magnam quos eius. Nobis sunt aspernatur occaecati minus aliquam. Veniam aut id alias est tempore.');
INSERT INTO `facilities` (`id`, `hotel_id`, `service_name`, `price`, `description`) VALUES ('75', 13, 'et', 2238, 'Sed commodi in laudantium nihil. Quia in veniam et laudantium aut veniam doloremque. Quae sed voluptate perspiciatis quod est ipsam necessitatibus.');
INSERT INTO `facilities` (`id`, `hotel_id`, `service_name`, `price`, `description`) VALUES ('76', 97, 'placeat', 9524218, 'Qui fugit minus quis. Blanditiis omnis odit suscipit cupiditate blanditiis animi fuga. Architecto earum harum et. Voluptatem occaecati harum eos impedit ea quo officia eligendi.');
INSERT INTO `facilities` (`id`, `hotel_id`, `service_name`, `price`, `description`) VALUES ('77', 39, 'incidunt', 246, 'Sint sed vitae labore. Dolores eos ab quia. Labore repellat cupiditate molestiae pariatur distinctio.');
INSERT INTO `facilities` (`id`, `hotel_id`, `service_name`, `price`, `description`) VALUES ('78', 98, 'ut', 59135, 'Amet impedit praesentium quo. Possimus voluptas labore est a eaque ratione in. Deleniti perspiciatis cupiditate minus culpa enim. Quasi sequi necessitatibus et earum.');
INSERT INTO `facilities` (`id`, `hotel_id`, `service_name`, `price`, `description`) VALUES ('79', 47, 'deleniti', 3613, 'Id commodi harum minus ut aut. Nostrum aut quis saepe nulla. Vel ipsum voluptate consequatur cum accusamus ut neque.');
INSERT INTO `facilities` (`id`, `hotel_id`, `service_name`, `price`, `description`) VALUES ('80', 17, 'ducimus', 416885, 'Cum atque voluptatem dolore velit. Sint qui molestiae doloremque atque aut facilis magnam. Aspernatur architecto impedit explicabo consequatur fugit dolorem. Voluptatem aspernatur quis numquam consequatur assumenda vel.');
INSERT INTO `facilities` (`id`, `hotel_id`, `service_name`, `price`, `description`) VALUES ('81', 20, 'nihil', 28623039, 'Dignissimos et hic dolorem blanditiis quaerat omnis. Quo sint quisquam in et consequatur alias et. Ad fugiat minus exercitationem rerum.');
INSERT INTO `facilities` (`id`, `hotel_id`, `service_name`, `price`, `description`) VALUES ('82', 55, 'quibusdam', 0, 'Dignissimos repellat odit voluptatem consequatur et dolorem labore itaque. Qui autem tempore voluptatibus excepturi dolore. Eveniet qui sed dolor quae iste optio. Minima voluptas a quasi id voluptatem sed iusto.');
INSERT INTO `facilities` (`id`, `hotel_id`, `service_name`, `price`, `description`) VALUES ('83', 16, 'voluptas', 509, 'Sapiente minima voluptas soluta fuga sint dolor qui vitae. Quod quo voluptas suscipit eos. In ullam rerum assumenda est sapiente non reprehenderit. Est dolores sit nihil doloribus ut sunt.');
INSERT INTO `facilities` (`id`, `hotel_id`, `service_name`, `price`, `description`) VALUES ('84', 12, 'rerum', 281, 'Cupiditate ad assumenda libero eaque veniam eos. Vel ipsum corporis eveniet et. Soluta aut amet quasi ut quas. Et saepe voluptatem rerum odio.');
INSERT INTO `facilities` (`id`, `hotel_id`, `service_name`, `price`, `description`) VALUES ('85', 5, 'dolor', 2753, 'Omnis unde eius vero nemo. Eveniet eum tenetur voluptas reprehenderit. Ipsam ad quibusdam autem in. Omnis quaerat omnis voluptatem expedita excepturi.');
INSERT INTO `facilities` (`id`, `hotel_id`, `service_name`, `price`, `description`) VALUES ('86', 64, 'suscipit', 139092, 'Ut laborum earum blanditiis et modi vero dolorum. Perferendis et magni voluptas iure corporis ea architecto. Voluptas assumenda quisquam voluptates veniam. Eaque ea qui a.');
INSERT INTO `facilities` (`id`, `hotel_id`, `service_name`, `price`, `description`) VALUES ('87', 31, 'sit', 1, 'Quisquam saepe suscipit id sit qui vel eos. Nemo et dolor doloremque possimus. Soluta ut aut ipsam dolorem voluptatibus non.');
INSERT INTO `facilities` (`id`, `hotel_id`, `service_name`, `price`, `description`) VALUES ('88', 20, 'sed', 313397, 'Nulla totam voluptatem perspiciatis ullam libero. Autem occaecati harum eaque earum et similique placeat. Provident voluptate sed itaque omnis eos et similique.');
INSERT INTO `facilities` (`id`, `hotel_id`, `service_name`, `price`, `description`) VALUES ('89', 64, 'rerum', 2086, 'Aut consequatur ut vel velit iusto vel. Aliquam voluptatem et delectus rerum nulla. Sit quia sed est nihil corrupti qui.');
INSERT INTO `facilities` (`id`, `hotel_id`, `service_name`, `price`, `description`) VALUES ('90', 4, 'aut', 0, 'Ea officiis omnis sit exercitationem adipisci. Dolore voluptas et deleniti optio ea. Sit quisquam perferendis laborum placeat delectus.');
INSERT INTO `facilities` (`id`, `hotel_id`, `service_name`, `price`, `description`) VALUES ('91', 93, 'quia', 129707, 'Distinctio eligendi consequuntur enim quis. Harum autem facere consequuntur quis accusantium quis. Aut eveniet consequatur rerum voluptas at. Voluptatem omnis harum unde ut.');
INSERT INTO `facilities` (`id`, `hotel_id`, `service_name`, `price`, `description`) VALUES ('92', 24, 'temporibus', 2986294, 'Ullam voluptatibus fugiat odio atque minus. Non voluptatem et tenetur.');
INSERT INTO `facilities` (`id`, `hotel_id`, `service_name`, `price`, `description`) VALUES ('93', 34, 'tempora', 65, 'Illo accusantium explicabo ad iusto eum non. Voluptatem in illum corrupti et. Itaque voluptatem cupiditate doloribus consequatur alias numquam saepe et. Iste rerum voluptas aut minus aut unde qui.');
INSERT INTO `facilities` (`id`, `hotel_id`, `service_name`, `price`, `description`) VALUES ('94', 93, 'consequatur', 4, 'Aut atque quisquam omnis laboriosam in. Nobis qui et fugiat sit rerum ullam. Molestiae minima perspiciatis quia cumque ipsum omnis hic. Sit sit optio quis voluptatem similique. Fugit dolores ut in qui error omnis.');
INSERT INTO `facilities` (`id`, `hotel_id`, `service_name`, `price`, `description`) VALUES ('95', 48, 'hic', 5144060, 'Commodi voluptas ipsam ipsum nulla omnis officia consequatur. Molestiae consequatur dicta temporibus saepe similique. Autem aut velit iure veniam eos dolore.');
INSERT INTO `facilities` (`id`, `hotel_id`, `service_name`, `price`, `description`) VALUES ('96', 75, 'ut', 12451500, 'Eum architecto labore velit et illo sunt. Rerum id ducimus magni perferendis eius delectus qui quia. Et consequatur sunt soluta cumque soluta maiores quos.');
INSERT INTO `facilities` (`id`, `hotel_id`, `service_name`, `price`, `description`) VALUES ('97', 92, 'magnam', 64, 'Aut sint repellat beatae. Est facilis minima dolores omnis ut ut. Aut pariatur beatae ipsa optio voluptatem. Quibusdam et consequatur corrupti architecto ex. Aliquam molestiae est voluptas deleniti autem ex fuga atque.');
INSERT INTO `facilities` (`id`, `hotel_id`, `service_name`, `price`, `description`) VALUES ('98', 25, 'voluptates', 2743801, 'Sunt soluta eum qui mollitia. Autem expedita sunt ut. Consequatur excepturi molestias molestiae.');
INSERT INTO `facilities` (`id`, `hotel_id`, `service_name`, `price`, `description`) VALUES ('99', 15, 'eveniet', 533154092, 'Sunt nihil voluptatem voluptatem nihil beatae. Quae nemo et molestiae autem. Ratione earum consequatur libero aut doloremque perferendis deserunt.');
INSERT INTO `facilities` (`id`, `hotel_id`, `service_name`, `price`, `description`) VALUES ('100', 18, 'voluptas', 7542, 'Et sapiente sit sint et rerum. Deleniti est impedit qui aut non explicabo ratione qui.');


INSERT INTO `hotel_profiles` (`hotel_profile_id`, `street`, `house`, `email`, `phone`) VALUES ('1', 'Kuhic Drives', '3', 'garland91@example.com', '1-079-616-8531');
INSERT INTO `hotel_profiles` (`hotel_profile_id`, `street`, `house`, `email`, `phone`) VALUES ('2', 'Sanford Turnpike', '3', 'aterry@example.org', '00458629964');
INSERT INTO `hotel_profiles` (`hotel_profile_id`, `street`, `house`, `email`, `phone`) VALUES ('3', 'D\'Amore Summit', '2', 'dario99@example.org', '904-019-7923x01203');
INSERT INTO `hotel_profiles` (`hotel_profile_id`, `street`, `house`, `email`, `phone`) VALUES ('4', 'Myrna Station', '2', 'erik.reynolds@example.org', '(729)983-4692');
INSERT INTO `hotel_profiles` (`hotel_profile_id`, `street`, `house`, `email`, `phone`) VALUES ('5', 'Lois Locks', '2', 'alvena.padberg@example.org', '825-612-6451');
INSERT INTO `hotel_profiles` (`hotel_profile_id`, `street`, `house`, `email`, `phone`) VALUES ('6', 'Kristian Keys', '5', 'wilderman.madelyn@example.com', '353.666.8895x41107');
INSERT INTO `hotel_profiles` (`hotel_profile_id`, `street`, `house`, `email`, `phone`) VALUES ('7', 'Stiedemann Locks', '1', 'shane.larson@example.com', '(591)085-9863x282');
INSERT INTO `hotel_profiles` (`hotel_profile_id`, `street`, `house`, `email`, `phone`) VALUES ('8', 'Reymundo Divide', '4', 'lexi29@example.com', '(821)495-3646');
INSERT INTO `hotel_profiles` (`hotel_profile_id`, `street`, `house`, `email`, `phone`) VALUES ('9', 'Aniya Avenue', '7', 'aschmeler@example.net', '06310934639');
INSERT INTO `hotel_profiles` (`hotel_profile_id`, `street`, `house`, `email`, `phone`) VALUES ('10', 'Citlalli Stravenue', '6', 'iheidenreich@example.net', '898.973.5562');
INSERT INTO `hotel_profiles` (`hotel_profile_id`, `street`, `house`, `email`, `phone`) VALUES ('11', 'Corkery Extension', '5', 'hank97@example.org', '1-883-522-6327x7066');
INSERT INTO `hotel_profiles` (`hotel_profile_id`, `street`, `house`, `email`, `phone`) VALUES ('12', 'Carter Crossing', '1', 'alf.hilpert@example.com', '919.103.3237x439');
INSERT INTO `hotel_profiles` (`hotel_profile_id`, `street`, `house`, `email`, `phone`) VALUES ('13', 'Karlee Pike', '5', 'santos.paucek@example.com', '1-234-275-8765x6904');
INSERT INTO `hotel_profiles` (`hotel_profile_id`, `street`, `house`, `email`, `phone`) VALUES ('14', 'Itzel Lodge', '5', 'mframi@example.org', '973-839-8683x999');
INSERT INTO `hotel_profiles` (`hotel_profile_id`, `street`, `house`, `email`, `phone`) VALUES ('15', 'Rita Ramp', '6', 'gerald.wisoky@example.net', '1-130-421-7209');
INSERT INTO `hotel_profiles` (`hotel_profile_id`, `street`, `house`, `email`, `phone`) VALUES ('16', 'Leopoldo Trace', '3', 'dkulas@example.com', '519.892.1280x283');
INSERT INTO `hotel_profiles` (`hotel_profile_id`, `street`, `house`, `email`, `phone`) VALUES ('17', 'Demarcus Ridge', '', 'kihn.russell@example.org', '1-266-371-5707');
INSERT INTO `hotel_profiles` (`hotel_profile_id`, `street`, `house`, `email`, `phone`) VALUES ('18', 'Hudson Mountains', '7', 'olson.ellis@example.com', '(725)494-2483x634');
INSERT INTO `hotel_profiles` (`hotel_profile_id`, `street`, `house`, `email`, `phone`) VALUES ('19', 'Marian Trafficway', '9', 'ujast@example.org', '+07(6)1329574933');
INSERT INTO `hotel_profiles` (`hotel_profile_id`, `street`, `house`, `email`, `phone`) VALUES ('20', 'Cullen Haven', '3', 'hmarks@example.com', '04344789846');
INSERT INTO `hotel_profiles` (`hotel_profile_id`, `street`, `house`, `email`, `phone`) VALUES ('21', 'Volkman Union', '2', 'lavinia68@example.net', '1-485-222-3049x34410');
INSERT INTO `hotel_profiles` (`hotel_profile_id`, `street`, `house`, `email`, `phone`) VALUES ('22', 'Carroll Lane', '9', 'marie.beer@example.org', '619.767.1008');
INSERT INTO `hotel_profiles` (`hotel_profile_id`, `street`, `house`, `email`, `phone`) VALUES ('23', 'Nader Shoals', '4', 'ferry.estevan@example.org', '361.242.8008');
INSERT INTO `hotel_profiles` (`hotel_profile_id`, `street`, `house`, `email`, `phone`) VALUES ('24', 'Gabe Glen', '7', 'lakin.miller@example.org', '262-331-4857x351');
INSERT INTO `hotel_profiles` (`hotel_profile_id`, `street`, `house`, `email`, `phone`) VALUES ('25', 'Bogisich Ports', '4', 'olson.bella@example.com', '114.144.9614');
INSERT INTO `hotel_profiles` (`hotel_profile_id`, `street`, `house`, `email`, `phone`) VALUES ('26', 'Alize Isle', '3', 'hartmann.walker@example.org', '(776)683-0363x1050');
INSERT INTO `hotel_profiles` (`hotel_profile_id`, `street`, `house`, `email`, `phone`) VALUES ('27', 'Block Common', '', 'hschmitt@example.net', '075-254-7789');
INSERT INTO `hotel_profiles` (`hotel_profile_id`, `street`, `house`, `email`, `phone`) VALUES ('28', 'Jana Island', '', 'leonie.lesch@example.net', '1-854-354-9366x600');
INSERT INTO `hotel_profiles` (`hotel_profile_id`, `street`, `house`, `email`, `phone`) VALUES ('29', 'Kris Run', '8', 'daniel.hester@example.com', '08367179654');
INSERT INTO `hotel_profiles` (`hotel_profile_id`, `street`, `house`, `email`, `phone`) VALUES ('30', 'Hansen Court', '2', 'mclaughlin.amanda@example.net', '+63(4)3254900911');
INSERT INTO `hotel_profiles` (`hotel_profile_id`, `street`, `house`, `email`, `phone`) VALUES ('31', 'Arthur Roads', '2', 'vwyman@example.org', '077-609-3109x06820');
INSERT INTO `hotel_profiles` (`hotel_profile_id`, `street`, `house`, `email`, `phone`) VALUES ('32', 'Greenholt Pass', '6', 'rledner@example.org', '1-709-494-7764x5471');
INSERT INTO `hotel_profiles` (`hotel_profile_id`, `street`, `house`, `email`, `phone`) VALUES ('33', 'Breana Burgs', '7', 'myron89@example.org', '1-107-712-6479');
INSERT INTO `hotel_profiles` (`hotel_profile_id`, `street`, `house`, `email`, `phone`) VALUES ('34', 'Ralph Tunnel', '6', 'king.petra@example.net', '089-399-3836');
INSERT INTO `hotel_profiles` (`hotel_profile_id`, `street`, `house`, `email`, `phone`) VALUES ('35', 'McKenzie Forges', '8', 'ernser.frieda@example.org', '253.168.1827x9857');
INSERT INTO `hotel_profiles` (`hotel_profile_id`, `street`, `house`, `email`, `phone`) VALUES ('36', 'Cali Passage', '7', 'chelsey97@example.org', '(351)102-4950x514');
INSERT INTO `hotel_profiles` (`hotel_profile_id`, `street`, `house`, `email`, `phone`) VALUES ('37', 'Simonis Corner', '1', 'reina.schmitt@example.net', '07499982146');
INSERT INTO `hotel_profiles` (`hotel_profile_id`, `street`, `house`, `email`, `phone`) VALUES ('38', 'Clark Drive', '7', 'hessel.crawford@example.net', '1-544-048-7555x600');
INSERT INTO `hotel_profiles` (`hotel_profile_id`, `street`, `house`, `email`, `phone`) VALUES ('39', 'Macejkovic Heights', '2', 'kaycee79@example.org', '385.480.2938x412');
INSERT INTO `hotel_profiles` (`hotel_profile_id`, `street`, `house`, `email`, `phone`) VALUES ('40', 'Cole Way', '', 'hauck.delphine@example.org', '(904)429-4554x1523');
INSERT INTO `hotel_profiles` (`hotel_profile_id`, `street`, `house`, `email`, `phone`) VALUES ('41', 'Howell Shoals', '7', 'roselyn.rodriguez@example.org', '+79(8)6949360198');
INSERT INTO `hotel_profiles` (`hotel_profile_id`, `street`, `house`, `email`, `phone`) VALUES ('42', 'Kihn Land', '9', 'bella.stamm@example.org', '(777)490-0454');
INSERT INTO `hotel_profiles` (`hotel_profile_id`, `street`, `house`, `email`, `phone`) VALUES ('43', 'McCullough Parks', '5', 'nwilderman@example.net', '01742784540');
INSERT INTO `hotel_profiles` (`hotel_profile_id`, `street`, `house`, `email`, `phone`) VALUES ('44', 'Fritsch Stream', '1', 'ggaylord@example.net', '258-432-3267x31469');
INSERT INTO `hotel_profiles` (`hotel_profile_id`, `street`, `house`, `email`, `phone`) VALUES ('45', 'Minerva Pine', '1', 'zackery01@example.org', '1-417-815-8943x1299');
INSERT INTO `hotel_profiles` (`hotel_profile_id`, `street`, `house`, `email`, `phone`) VALUES ('46', 'Germaine Garden', '9', 'qdach@example.com', '740-627-6513');
INSERT INTO `hotel_profiles` (`hotel_profile_id`, `street`, `house`, `email`, `phone`) VALUES ('47', 'Rasheed Plaza', '', 'croob@example.com', '(742)213-1116');
INSERT INTO `hotel_profiles` (`hotel_profile_id`, `street`, `house`, `email`, `phone`) VALUES ('48', 'Schultz Views', '', 'ashly.bayer@example.org', '+96(1)6799481735');
INSERT INTO `hotel_profiles` (`hotel_profile_id`, `street`, `house`, `email`, `phone`) VALUES ('49', 'Dibbert Trafficway', '', 'isteuber@example.org', '1-480-541-0943x189');
INSERT INTO `hotel_profiles` (`hotel_profile_id`, `street`, `house`, `email`, `phone`) VALUES ('50', 'Prohaska Spring', '', 'autumn60@example.com', '858.518.9314');
INSERT INTO `hotel_profiles` (`hotel_profile_id`, `street`, `house`, `email`, `phone`) VALUES ('51', 'Weimann Ramp', '4', 'bode.hayley@example.net', '02023574029');
INSERT INTO `hotel_profiles` (`hotel_profile_id`, `street`, `house`, `email`, `phone`) VALUES ('52', 'Chandler Isle', '2', 'nsanford@example.com', '01387154962');
INSERT INTO `hotel_profiles` (`hotel_profile_id`, `street`, `house`, `email`, `phone`) VALUES ('53', 'Fisher Roads', '2', 'kelvin18@example.org', '1-390-509-6474');
INSERT INTO `hotel_profiles` (`hotel_profile_id`, `street`, `house`, `email`, `phone`) VALUES ('54', 'Kacey Points', '8', 'bayer.issac@example.com', '1-828-978-6570x8127');
INSERT INTO `hotel_profiles` (`hotel_profile_id`, `street`, `house`, `email`, `phone`) VALUES ('55', 'Claude Fort', '4', 'lucienne42@example.com', '1-292-189-0314');
INSERT INTO `hotel_profiles` (`hotel_profile_id`, `street`, `house`, `email`, `phone`) VALUES ('56', 'Jerde Course', '', 'dkemmer@example.org', '08020746989');
INSERT INTO `hotel_profiles` (`hotel_profile_id`, `street`, `house`, `email`, `phone`) VALUES ('57', 'Sporer Freeway', '4', 'ptremblay@example.net', '849-904-1468');
INSERT INTO `hotel_profiles` (`hotel_profile_id`, `street`, `house`, `email`, `phone`) VALUES ('58', 'Santiago Island', '5', 'theathcote@example.net', '762-492-7347x3558');
INSERT INTO `hotel_profiles` (`hotel_profile_id`, `street`, `house`, `email`, `phone`) VALUES ('59', 'Monte Prairie', '4', 'praynor@example.com', '696.043.6485x269');
INSERT INTO `hotel_profiles` (`hotel_profile_id`, `street`, `house`, `email`, `phone`) VALUES ('60', 'Hickle Parkways', '4', 'cassandra.zboncak@example.org', '832.149.7209');
INSERT INTO `hotel_profiles` (`hotel_profile_id`, `street`, `house`, `email`, `phone`) VALUES ('61', 'Franz Shore', '6', 'xbauch@example.org', '07033455313');
INSERT INTO `hotel_profiles` (`hotel_profile_id`, `street`, `house`, `email`, `phone`) VALUES ('62', 'Delta Loop', '7', 'altenwerth.kasey@example.org', '(506)126-6852x38068');
INSERT INTO `hotel_profiles` (`hotel_profile_id`, `street`, `house`, `email`, `phone`) VALUES ('63', 'Cummerata Junctions', '1', 'marcel.flatley@example.net', '1-227-554-4178x102');
INSERT INTO `hotel_profiles` (`hotel_profile_id`, `street`, `house`, `email`, `phone`) VALUES ('64', 'Treutel Avenue', '', 'lhahn@example.net', '04876046245');
INSERT INTO `hotel_profiles` (`hotel_profile_id`, `street`, `house`, `email`, `phone`) VALUES ('65', 'Buckridge Center', '9', 'bconroy@example.net', '(437)930-1996x5928');
INSERT INTO `hotel_profiles` (`hotel_profile_id`, `street`, `house`, `email`, `phone`) VALUES ('66', 'Heathcote Roads', '5', 'chase.robel@example.org', '(347)120-7458x8468');
INSERT INTO `hotel_profiles` (`hotel_profile_id`, `street`, `house`, `email`, `phone`) VALUES ('67', 'Kiehn Plain', '4', 'colten18@example.org', '1-755-073-6027x6780');
INSERT INTO `hotel_profiles` (`hotel_profile_id`, `street`, `house`, `email`, `phone`) VALUES ('68', 'Reynolds Turnpike', '9', 'ghuel@example.net', '052-369-8220x0582');
INSERT INTO `hotel_profiles` (`hotel_profile_id`, `street`, `house`, `email`, `phone`) VALUES ('69', 'Lubowitz Plaza', '6', 'rutherford.kari@example.net', '03122335171');
INSERT INTO `hotel_profiles` (`hotel_profile_id`, `street`, `house`, `email`, `phone`) VALUES ('70', 'Muller Junction', '6', 'brown.deontae@example.org', '056-222-1995');
INSERT INTO `hotel_profiles` (`hotel_profile_id`, `street`, `house`, `email`, `phone`) VALUES ('71', 'Mohr Parkway', '2', 'ianderson@example.net', '1-435-914-9347');
INSERT INTO `hotel_profiles` (`hotel_profile_id`, `street`, `house`, `email`, `phone`) VALUES ('72', 'Heller Shore', '2', 'demarco92@example.org', '1-752-696-5046x30385');
INSERT INTO `hotel_profiles` (`hotel_profile_id`, `street`, `house`, `email`, `phone`) VALUES ('73', 'Tyreek Park', '', 'richmond61@example.com', '409-375-1042');
INSERT INTO `hotel_profiles` (`hotel_profile_id`, `street`, `house`, `email`, `phone`) VALUES ('74', 'Gussie Place', '9', 'orlando29@example.net', '1-808-565-7918x30480');
INSERT INTO `hotel_profiles` (`hotel_profile_id`, `street`, `house`, `email`, `phone`) VALUES ('75', 'Isidro Highway', '8', 'pollich.wilburn@example.com', '08373991319');
INSERT INTO `hotel_profiles` (`hotel_profile_id`, `street`, `house`, `email`, `phone`) VALUES ('76', 'Sporer Villages', '', 'srobel@example.org', '1-082-102-2531');
INSERT INTO `hotel_profiles` (`hotel_profile_id`, `street`, `house`, `email`, `phone`) VALUES ('77', 'Ondricka Forges', '7', 'jacquelyn57@example.com', '437.809.0827x901');
INSERT INTO `hotel_profiles` (`hotel_profile_id`, `street`, `house`, `email`, `phone`) VALUES ('78', 'Rutherford Trail', '2', 'bfay@example.com', '(051)410-9380x3403');
INSERT INTO `hotel_profiles` (`hotel_profile_id`, `street`, `house`, `email`, `phone`) VALUES ('79', 'Kasandra Land', '4', 'zboncak.alfonzo@example.org', '144.231.9023x0932');
INSERT INTO `hotel_profiles` (`hotel_profile_id`, `street`, `house`, `email`, `phone`) VALUES ('80', 'Kim Locks', '9', 'cremin.jaydon@example.org', '1-699-623-1713x9576');
INSERT INTO `hotel_profiles` (`hotel_profile_id`, `street`, `house`, `email`, `phone`) VALUES ('81', 'Macejkovic Circles', '1', 'jennyfer.reichel@example.net', '602-926-4258x49198');
INSERT INTO `hotel_profiles` (`hotel_profile_id`, `street`, `house`, `email`, `phone`) VALUES ('82', 'Ledner Plaza', '6', 'rowe.keely@example.com', '196.785.4692x3620');
INSERT INTO `hotel_profiles` (`hotel_profile_id`, `street`, `house`, `email`, `phone`) VALUES ('83', 'Christiana Brook', '7', 'maggio.danielle@example.com', '01253086812');
INSERT INTO `hotel_profiles` (`hotel_profile_id`, `street`, `house`, `email`, `phone`) VALUES ('84', 'America Parkways', '3', 'cherzog@example.net', '05721792394');
INSERT INTO `hotel_profiles` (`hotel_profile_id`, `street`, `house`, `email`, `phone`) VALUES ('85', 'Lempi Street', '4', 'lynch.ashleigh@example.com', '00148669565');
INSERT INTO `hotel_profiles` (`hotel_profile_id`, `street`, `house`, `email`, `phone`) VALUES ('86', 'Armstrong Glen', '9', 'marley94@example.org', '562-883-9987');
INSERT INTO `hotel_profiles` (`hotel_profile_id`, `street`, `house`, `email`, `phone`) VALUES ('87', 'Hudson Rapids', '9', 'greenfelder.kattie@example.net', '(965)747-1666x8891');
INSERT INTO `hotel_profiles` (`hotel_profile_id`, `street`, `house`, `email`, `phone`) VALUES ('88', 'Rodriguez Unions', '9', 'walsh.mallory@example.org', '1-297-877-1688x51390');
INSERT INTO `hotel_profiles` (`hotel_profile_id`, `street`, `house`, `email`, `phone`) VALUES ('89', 'Ila Burg', '5', 'stroman.annamarie@example.net', '(110)545-5967x673');
INSERT INTO `hotel_profiles` (`hotel_profile_id`, `street`, `house`, `email`, `phone`) VALUES ('90', 'Lockman Hollow', '2', 'twintheiser@example.net', '366.082.7071');
INSERT INTO `hotel_profiles` (`hotel_profile_id`, `street`, `house`, `email`, `phone`) VALUES ('91', 'Swaniawski Ways', '', 'jaskolski.gilda@example.org', '02330648169');
INSERT INTO `hotel_profiles` (`hotel_profile_id`, `street`, `house`, `email`, `phone`) VALUES ('92', 'Kennith Hill', '1', 'qadams@example.org', '1-661-250-1826');
INSERT INTO `hotel_profiles` (`hotel_profile_id`, `street`, `house`, `email`, `phone`) VALUES ('93', 'Elva Ways', '5', 'reba71@example.com', '457.765.1621x738');
INSERT INTO `hotel_profiles` (`hotel_profile_id`, `street`, `house`, `email`, `phone`) VALUES ('94', 'Richie Plains', '8', 'cara67@example.net', '320-794-6147x46976');
INSERT INTO `hotel_profiles` (`hotel_profile_id`, `street`, `house`, `email`, `phone`) VALUES ('95', 'Lauryn Point', '4', 'golda.lockman@example.org', '362-782-0475');
INSERT INTO `hotel_profiles` (`hotel_profile_id`, `street`, `house`, `email`, `phone`) VALUES ('96', 'Quentin Street', '4', 'cruickshank.elnora@example.net', '+72(7)2509342418');
INSERT INTO `hotel_profiles` (`hotel_profile_id`, `street`, `house`, `email`, `phone`) VALUES ('97', 'Helena Lodge', '6', 'marcella26@example.net', '546-687-3180');
INSERT INTO `hotel_profiles` (`hotel_profile_id`, `street`, `house`, `email`, `phone`) VALUES ('98', 'Shanahan Island', '6', 'moen.chanelle@example.org', '03963136936');
INSERT INTO `hotel_profiles` (`hotel_profile_id`, `street`, `house`, `email`, `phone`) VALUES ('99', 'Jacobi Neck', '4', 'zfriesen@example.net', '461.672.8628x61994');
INSERT INTO `hotel_profiles` (`hotel_profile_id`, `street`, `house`, `email`, `phone`) VALUES ('100', 'Effertz Forest', '', 'kacie03@example.net', '(494)097-8785');


INSERT INTO `hotels` (`hotel_id`, `name`) VALUES ('1', 'in');
INSERT INTO `hotels` (`hotel_id`, `name`) VALUES ('2', 'ut');
INSERT INTO `hotels` (`hotel_id`, `name`) VALUES ('3', 'consequuntur');
INSERT INTO `hotels` (`hotel_id`, `name`) VALUES ('4', 'quis');
INSERT INTO `hotels` (`hotel_id`, `name`) VALUES ('5', 'omnis');
INSERT INTO `hotels` (`hotel_id`, `name`) VALUES ('6', 'et');
INSERT INTO `hotels` (`hotel_id`, `name`) VALUES ('7', 'qui');
INSERT INTO `hotels` (`hotel_id`, `name`) VALUES ('8', 'ducimus');
INSERT INTO `hotels` (`hotel_id`, `name`) VALUES ('9', 'provident');
INSERT INTO `hotels` (`hotel_id`, `name`) VALUES ('10', 'vel');
INSERT INTO `hotels` (`hotel_id`, `name`) VALUES ('11', 'voluptates');
INSERT INTO `hotels` (`hotel_id`, `name`) VALUES ('12', 'illum');
INSERT INTO `hotels` (`hotel_id`, `name`) VALUES ('13', 'sed');
INSERT INTO `hotels` (`hotel_id`, `name`) VALUES ('14', 'eligendi');
INSERT INTO `hotels` (`hotel_id`, `name`) VALUES ('15', 'debitis');
INSERT INTO `hotels` (`hotel_id`, `name`) VALUES ('16', 'id');
INSERT INTO `hotels` (`hotel_id`, `name`) VALUES ('17', 'iusto');
INSERT INTO `hotels` (`hotel_id`, `name`) VALUES ('18', 'sint');
INSERT INTO `hotels` (`hotel_id`, `name`) VALUES ('19', 'nemo');
INSERT INTO `hotels` (`hotel_id`, `name`) VALUES ('20', 'numquam');
INSERT INTO `hotels` (`hotel_id`, `name`) VALUES ('21', 'occaecati');
INSERT INTO `hotels` (`hotel_id`, `name`) VALUES ('22', 'dolore');
INSERT INTO `hotels` (`hotel_id`, `name`) VALUES ('23', 'et');
INSERT INTO `hotels` (`hotel_id`, `name`) VALUES ('24', 'sit');
INSERT INTO `hotels` (`hotel_id`, `name`) VALUES ('25', 'expedita');
INSERT INTO `hotels` (`hotel_id`, `name`) VALUES ('26', 'voluptatem');
INSERT INTO `hotels` (`hotel_id`, `name`) VALUES ('27', 'perferendis');
INSERT INTO `hotels` (`hotel_id`, `name`) VALUES ('28', 'ab');
INSERT INTO `hotels` (`hotel_id`, `name`) VALUES ('29', 'quae');
INSERT INTO `hotels` (`hotel_id`, `name`) VALUES ('30', 'unde');
INSERT INTO `hotels` (`hotel_id`, `name`) VALUES ('31', 'corrupti');
INSERT INTO `hotels` (`hotel_id`, `name`) VALUES ('32', 'delectus');
INSERT INTO `hotels` (`hotel_id`, `name`) VALUES ('33', 'delectus');
INSERT INTO `hotels` (`hotel_id`, `name`) VALUES ('34', 'ut');
INSERT INTO `hotels` (`hotel_id`, `name`) VALUES ('35', 'quis');
INSERT INTO `hotels` (`hotel_id`, `name`) VALUES ('36', 'magnam');
INSERT INTO `hotels` (`hotel_id`, `name`) VALUES ('37', 'sed');
INSERT INTO `hotels` (`hotel_id`, `name`) VALUES ('38', 'fugit');
INSERT INTO `hotels` (`hotel_id`, `name`) VALUES ('39', 'quia');
INSERT INTO `hotels` (`hotel_id`, `name`) VALUES ('40', 'nostrum');
INSERT INTO `hotels` (`hotel_id`, `name`) VALUES ('41', 'quod');
INSERT INTO `hotels` (`hotel_id`, `name`) VALUES ('42', 'labore');
INSERT INTO `hotels` (`hotel_id`, `name`) VALUES ('43', 'vero');
INSERT INTO `hotels` (`hotel_id`, `name`) VALUES ('44', 'praesentium');
INSERT INTO `hotels` (`hotel_id`, `name`) VALUES ('45', 'tempora');
INSERT INTO `hotels` (`hotel_id`, `name`) VALUES ('46', 'earum');
INSERT INTO `hotels` (`hotel_id`, `name`) VALUES ('47', 'cupiditate');
INSERT INTO `hotels` (`hotel_id`, `name`) VALUES ('48', 'quasi');
INSERT INTO `hotels` (`hotel_id`, `name`) VALUES ('49', 'eum');
INSERT INTO `hotels` (`hotel_id`, `name`) VALUES ('50', 'enim');
INSERT INTO `hotels` (`hotel_id`, `name`) VALUES ('51', 'porro');
INSERT INTO `hotels` (`hotel_id`, `name`) VALUES ('52', 'temporibus');
INSERT INTO `hotels` (`hotel_id`, `name`) VALUES ('53', 'molestiae');
INSERT INTO `hotels` (`hotel_id`, `name`) VALUES ('54', 'magnam');
INSERT INTO `hotels` (`hotel_id`, `name`) VALUES ('55', 'eos');
INSERT INTO `hotels` (`hotel_id`, `name`) VALUES ('56', 'est');
INSERT INTO `hotels` (`hotel_id`, `name`) VALUES ('57', 'magni');
INSERT INTO `hotels` (`hotel_id`, `name`) VALUES ('58', 'voluptates');
INSERT INTO `hotels` (`hotel_id`, `name`) VALUES ('59', 'voluptate');
INSERT INTO `hotels` (`hotel_id`, `name`) VALUES ('60', 'deserunt');
INSERT INTO `hotels` (`hotel_id`, `name`) VALUES ('61', 'eaque');
INSERT INTO `hotels` (`hotel_id`, `name`) VALUES ('62', 'architecto');
INSERT INTO `hotels` (`hotel_id`, `name`) VALUES ('63', 'rerum');
INSERT INTO `hotels` (`hotel_id`, `name`) VALUES ('64', 'molestias');
INSERT INTO `hotels` (`hotel_id`, `name`) VALUES ('65', 'et');
INSERT INTO `hotels` (`hotel_id`, `name`) VALUES ('66', 'neque');
INSERT INTO `hotels` (`hotel_id`, `name`) VALUES ('67', 'repellendus');
INSERT INTO `hotels` (`hotel_id`, `name`) VALUES ('68', 'ipsa');
INSERT INTO `hotels` (`hotel_id`, `name`) VALUES ('69', 'dolor');
INSERT INTO `hotels` (`hotel_id`, `name`) VALUES ('70', 'sit');
INSERT INTO `hotels` (`hotel_id`, `name`) VALUES ('71', 'vitae');
INSERT INTO `hotels` (`hotel_id`, `name`) VALUES ('72', 'facere');
INSERT INTO `hotels` (`hotel_id`, `name`) VALUES ('73', 'beatae');
INSERT INTO `hotels` (`hotel_id`, `name`) VALUES ('74', 'inventore');
INSERT INTO `hotels` (`hotel_id`, `name`) VALUES ('75', 'nemo');
INSERT INTO `hotels` (`hotel_id`, `name`) VALUES ('76', 'eaque');
INSERT INTO `hotels` (`hotel_id`, `name`) VALUES ('77', 'vitae');
INSERT INTO `hotels` (`hotel_id`, `name`) VALUES ('78', 'impedit');
INSERT INTO `hotels` (`hotel_id`, `name`) VALUES ('79', 'odio');
INSERT INTO `hotels` (`hotel_id`, `name`) VALUES ('80', 'aperiam');
INSERT INTO `hotels` (`hotel_id`, `name`) VALUES ('81', 'nihil');
INSERT INTO `hotels` (`hotel_id`, `name`) VALUES ('82', 'cum');
INSERT INTO `hotels` (`hotel_id`, `name`) VALUES ('83', 'odio');
INSERT INTO `hotels` (`hotel_id`, `name`) VALUES ('84', 'aut');
INSERT INTO `hotels` (`hotel_id`, `name`) VALUES ('85', 'vel');
INSERT INTO `hotels` (`hotel_id`, `name`) VALUES ('86', 'commodi');
INSERT INTO `hotels` (`hotel_id`, `name`) VALUES ('87', 'voluptates');
INSERT INTO `hotels` (`hotel_id`, `name`) VALUES ('88', 'voluptatem');
INSERT INTO `hotels` (`hotel_id`, `name`) VALUES ('89', 'id');
INSERT INTO `hotels` (`hotel_id`, `name`) VALUES ('90', 'facere');
INSERT INTO `hotels` (`hotel_id`, `name`) VALUES ('91', 'corrupti');
INSERT INTO `hotels` (`hotel_id`, `name`) VALUES ('92', 'nulla');
INSERT INTO `hotels` (`hotel_id`, `name`) VALUES ('93', 'beatae');
INSERT INTO `hotels` (`hotel_id`, `name`) VALUES ('94', 'est');
INSERT INTO `hotels` (`hotel_id`, `name`) VALUES ('95', 'molestias');
INSERT INTO `hotels` (`hotel_id`, `name`) VALUES ('96', 'libero');
INSERT INTO `hotels` (`hotel_id`, `name`) VALUES ('97', 'voluptate');
INSERT INTO `hotels` (`hotel_id`, `name`) VALUES ('98', 'distinctio');
INSERT INTO `hotels` (`hotel_id`, `name`) VALUES ('99', 'distinctio');
INSERT INTO `hotels` (`hotel_id`, `name`) VALUES ('100', 'fugit');


INSERT INTO `rooms` (`id`, `floor`, `seats`, `type`, `price`) VALUES ('1', 5, 6, 'suit', 13460064);
INSERT INTO `rooms` (`id`, `floor`, `seats`, `type`, `price`) VALUES ('2', 9, 9, 'lux', 2662852);
INSERT INTO `rooms` (`id`, `floor`, `seats`, `type`, `price`) VALUES ('3', 6, 5, 'lux', 594);
INSERT INTO `rooms` (`id`, `floor`, `seats`, `type`, `price`) VALUES ('4', 1, 8, 'suit', 0);
INSERT INTO `rooms` (`id`, `floor`, `seats`, `type`, `price`) VALUES ('5', 1, 8, 'econom', 31667644);
INSERT INTO `rooms` (`id`, `floor`, `seats`, `type`, `price`) VALUES ('6', 8, 6, 'suit', 18071);
INSERT INTO `rooms` (`id`, `floor`, `seats`, `type`, `price`) VALUES ('7', 3, 5, 'econom', 9977756);
INSERT INTO `rooms` (`id`, `floor`, `seats`, `type`, `price`) VALUES ('8', 4, 8, 'econom', 18840750);
INSERT INTO `rooms` (`id`, `floor`, `seats`, `type`, `price`) VALUES ('9', 3, 2, 'suit', 231585);
INSERT INTO `rooms` (`id`, `floor`, `seats`, `type`, `price`) VALUES ('10', 7, 8, 'lux', 48410713);
INSERT INTO `rooms` (`id`, `floor`, `seats`, `type`, `price`) VALUES ('11', 7, 2, 'suit', 51000423);
INSERT INTO `rooms` (`id`, `floor`, `seats`, `type`, `price`) VALUES ('12', 7, 1, 'econom', 732);
INSERT INTO `rooms` (`id`, `floor`, `seats`, `type`, `price`) VALUES ('13', 6, 9, 'lux', 5971316);
INSERT INTO `rooms` (`id`, `floor`, `seats`, `type`, `price`) VALUES ('14', 4, 5, 'econom', 383261);
INSERT INTO `rooms` (`id`, `floor`, `seats`, `type`, `price`) VALUES ('15', 4, 3, 'suit', 608);
INSERT INTO `rooms` (`id`, `floor`, `seats`, `type`, `price`) VALUES ('16', 5, 1, 'econom', 0);
INSERT INTO `rooms` (`id`, `floor`, `seats`, `type`, `price`) VALUES ('17', 3, 5, 'lux', 2);
INSERT INTO `rooms` (`id`, `floor`, `seats`, `type`, `price`) VALUES ('18', 6, 5, 'econom', 0);
INSERT INTO `rooms` (`id`, `floor`, `seats`, `type`, `price`) VALUES ('19', 7, 3, 'econom', 915713);
INSERT INTO `rooms` (`id`, `floor`, `seats`, `type`, `price`) VALUES ('20', 3, 9, 'lux', 4724380);
INSERT INTO `rooms` (`id`, `floor`, `seats`, `type`, `price`) VALUES ('21', 3, 3, 'suit', 28780979);
INSERT INTO `rooms` (`id`, `floor`, `seats`, `type`, `price`) VALUES ('22', 4, 6, 'econom', 2859117);
INSERT INTO `rooms` (`id`, `floor`, `seats`, `type`, `price`) VALUES ('23', 6, 6, 'econom', 134);
INSERT INTO `rooms` (`id`, `floor`, `seats`, `type`, `price`) VALUES ('24', 7, 1, 'econom', 35);
INSERT INTO `rooms` (`id`, `floor`, `seats`, `type`, `price`) VALUES ('25', 8, 5, 'lux', 0);
INSERT INTO `rooms` (`id`, `floor`, `seats`, `type`, `price`) VALUES ('26', 1, 1, 'lux', 1357);
INSERT INTO `rooms` (`id`, `floor`, `seats`, `type`, `price`) VALUES ('27', 5, 4, 'suit', 10583540);
INSERT INTO `rooms` (`id`, `floor`, `seats`, `type`, `price`) VALUES ('28', 3, 5, 'lux', 2);
INSERT INTO `rooms` (`id`, `floor`, `seats`, `type`, `price`) VALUES ('29', 2, 1, 'lux', 5954499);
INSERT INTO `rooms` (`id`, `floor`, `seats`, `type`, `price`) VALUES ('30', 6, 5, 'suit', 0);
INSERT INTO `rooms` (`id`, `floor`, `seats`, `type`, `price`) VALUES ('31', 3, 8, 'econom', 4995804);
INSERT INTO `rooms` (`id`, `floor`, `seats`, `type`, `price`) VALUES ('32', 8, 1, 'lux', 7054486);
INSERT INTO `rooms` (`id`, `floor`, `seats`, `type`, `price`) VALUES ('33', 3, 4, 'suit', 265);
INSERT INTO `rooms` (`id`, `floor`, `seats`, `type`, `price`) VALUES ('34', 8, 4, 'lux', 0);
INSERT INTO `rooms` (`id`, `floor`, `seats`, `type`, `price`) VALUES ('35', 3, 2, 'lux', 23);
INSERT INTO `rooms` (`id`, `floor`, `seats`, `type`, `price`) VALUES ('36', 1, 2, 'lux', 47638660);
INSERT INTO `rooms` (`id`, `floor`, `seats`, `type`, `price`) VALUES ('37', 5, 6, 'econom', 222760);
INSERT INTO `rooms` (`id`, `floor`, `seats`, `type`, `price`) VALUES ('38', 8, 2, 'econom', 2);
INSERT INTO `rooms` (`id`, `floor`, `seats`, `type`, `price`) VALUES ('39', 6, 4, 'suit', 1742);
INSERT INTO `rooms` (`id`, `floor`, `seats`, `type`, `price`) VALUES ('40', 2, 8, 'econom', 126651);
INSERT INTO `rooms` (`id`, `floor`, `seats`, `type`, `price`) VALUES ('41', 6, 1, 'lux', 6);
INSERT INTO `rooms` (`id`, `floor`, `seats`, `type`, `price`) VALUES ('42', 1, 8, 'lux', 4267670);
INSERT INTO `rooms` (`id`, `floor`, `seats`, `type`, `price`) VALUES ('43', 6, 1, 'lux', 987);
INSERT INTO `rooms` (`id`, `floor`, `seats`, `type`, `price`) VALUES ('44', 9, 2, 'econom', 78766984);
INSERT INTO `rooms` (`id`, `floor`, `seats`, `type`, `price`) VALUES ('45', 7, 7, 'econom', 19242);
INSERT INTO `rooms` (`id`, `floor`, `seats`, `type`, `price`) VALUES ('46', 7, 2, 'econom', 17);
INSERT INTO `rooms` (`id`, `floor`, `seats`, `type`, `price`) VALUES ('47', 8, 9, 'econom', 389346);
INSERT INTO `rooms` (`id`, `floor`, `seats`, `type`, `price`) VALUES ('48', 7, 3, 'econom', 2678722);
INSERT INTO `rooms` (`id`, `floor`, `seats`, `type`, `price`) VALUES ('49', 2, 8, 'econom', 28);
INSERT INTO `rooms` (`id`, `floor`, `seats`, `type`, `price`) VALUES ('50', 4, 6, 'lux', 333859784);
INSERT INTO `rooms` (`id`, `floor`, `seats`, `type`, `price`) VALUES ('51', 2, 2, 'lux', 733);
INSERT INTO `rooms` (`id`, `floor`, `seats`, `type`, `price`) VALUES ('52', 8, 5, 'econom', 18179311);
INSERT INTO `rooms` (`id`, `floor`, `seats`, `type`, `price`) VALUES ('53', 5, 4, 'suit', 48454321);
INSERT INTO `rooms` (`id`, `floor`, `seats`, `type`, `price`) VALUES ('54', 2, 4, 'lux', 296107);
INSERT INTO `rooms` (`id`, `floor`, `seats`, `type`, `price`) VALUES ('55', 8, 6, 'suit', 0);
INSERT INTO `rooms` (`id`, `floor`, `seats`, `type`, `price`) VALUES ('56', 8, 1, 'econom', 60453);
INSERT INTO `rooms` (`id`, `floor`, `seats`, `type`, `price`) VALUES ('57', 8, 3, 'econom', 279258);
INSERT INTO `rooms` (`id`, `floor`, `seats`, `type`, `price`) VALUES ('58', 4, 7, 'lux', 0);
INSERT INTO `rooms` (`id`, `floor`, `seats`, `type`, `price`) VALUES ('59', 9, 5, 'econom', 55724);
INSERT INTO `rooms` (`id`, `floor`, `seats`, `type`, `price`) VALUES ('60', 9, 1, 'econom', 892681);
INSERT INTO `rooms` (`id`, `floor`, `seats`, `type`, `price`) VALUES ('61', 2, 8, 'suit', 1);
INSERT INTO `rooms` (`id`, `floor`, `seats`, `type`, `price`) VALUES ('62', 9, 1, 'econom', 56);
INSERT INTO `rooms` (`id`, `floor`, `seats`, `type`, `price`) VALUES ('63', 3, 5, 'suit', 37726887);
INSERT INTO `rooms` (`id`, `floor`, `seats`, `type`, `price`) VALUES ('64', 1, 1, 'suit', 9);
INSERT INTO `rooms` (`id`, `floor`, `seats`, `type`, `price`) VALUES ('65', 4, 7, 'lux', 11172894);
INSERT INTO `rooms` (`id`, `floor`, `seats`, `type`, `price`) VALUES ('66', 3, 9, 'econom', 294);
INSERT INTO `rooms` (`id`, `floor`, `seats`, `type`, `price`) VALUES ('67', 4, 6, 'suit', 2);
INSERT INTO `rooms` (`id`, `floor`, `seats`, `type`, `price`) VALUES ('68', 5, 3, 'econom', 231081301);
INSERT INTO `rooms` (`id`, `floor`, `seats`, `type`, `price`) VALUES ('69', 7, 2, 'lux', 225);
INSERT INTO `rooms` (`id`, `floor`, `seats`, `type`, `price`) VALUES ('70', 7, 4, 'suit', 58461264);
INSERT INTO `rooms` (`id`, `floor`, `seats`, `type`, `price`) VALUES ('71', 3, 9, 'suit', 401468580);
INSERT INTO `rooms` (`id`, `floor`, `seats`, `type`, `price`) VALUES ('72', 4, 1, 'econom', 135226448);
INSERT INTO `rooms` (`id`, `floor`, `seats`, `type`, `price`) VALUES ('73', 2, 7, 'econom', 681629642);
INSERT INTO `rooms` (`id`, `floor`, `seats`, `type`, `price`) VALUES ('74', 2, 9, 'lux', 37);
INSERT INTO `rooms` (`id`, `floor`, `seats`, `type`, `price`) VALUES ('75', 9, 5, 'econom', 0);
INSERT INTO `rooms` (`id`, `floor`, `seats`, `type`, `price`) VALUES ('76', 8, 1, 'lux', 556);
INSERT INTO `rooms` (`id`, `floor`, `seats`, `type`, `price`) VALUES ('77', 8, 5, 'econom', 30692);
INSERT INTO `rooms` (`id`, `floor`, `seats`, `type`, `price`) VALUES ('78', 3, 3, 'econom', 7202385);
INSERT INTO `rooms` (`id`, `floor`, `seats`, `type`, `price`) VALUES ('79', 2, 8, 'lux', 4850);
INSERT INTO `rooms` (`id`, `floor`, `seats`, `type`, `price`) VALUES ('80', 4, 8, 'econom', 901);
INSERT INTO `rooms` (`id`, `floor`, `seats`, `type`, `price`) VALUES ('81', 5, 2, 'suit', 49);
INSERT INTO `rooms` (`id`, `floor`, `seats`, `type`, `price`) VALUES ('82', 1, 5, 'lux', 0);
INSERT INTO `rooms` (`id`, `floor`, `seats`, `type`, `price`) VALUES ('83', 6, 3, 'suit', 588);
INSERT INTO `rooms` (`id`, `floor`, `seats`, `type`, `price`) VALUES ('84', 2, 1, 'econom', 0);
INSERT INTO `rooms` (`id`, `floor`, `seats`, `type`, `price`) VALUES ('85', 4, 5, 'econom', 1957);
INSERT INTO `rooms` (`id`, `floor`, `seats`, `type`, `price`) VALUES ('86', 9, 8, 'suit', 36719);
INSERT INTO `rooms` (`id`, `floor`, `seats`, `type`, `price`) VALUES ('87', 7, 4, 'lux', 15);
INSERT INTO `rooms` (`id`, `floor`, `seats`, `type`, `price`) VALUES ('88', 3, 6, 'econom', 696);
INSERT INTO `rooms` (`id`, `floor`, `seats`, `type`, `price`) VALUES ('89', 1, 3, 'econom', 77159);
INSERT INTO `rooms` (`id`, `floor`, `seats`, `type`, `price`) VALUES ('90', 3, 4, 'econom', 154484);
INSERT INTO `rooms` (`id`, `floor`, `seats`, `type`, `price`) VALUES ('91', 5, 8, 'lux', 2693076);
INSERT INTO `rooms` (`id`, `floor`, `seats`, `type`, `price`) VALUES ('92', 5, 4, 'lux', 99392);
INSERT INTO `rooms` (`id`, `floor`, `seats`, `type`, `price`) VALUES ('93', 2, 3, 'econom', 79048);
INSERT INTO `rooms` (`id`, `floor`, `seats`, `type`, `price`) VALUES ('94', 4, 8, 'econom', 18779);
INSERT INTO `rooms` (`id`, `floor`, `seats`, `type`, `price`) VALUES ('95', 1, 1, 'suit', 1089503);
INSERT INTO `rooms` (`id`, `floor`, `seats`, `type`, `price`) VALUES ('96', 2, 5, 'lux', 4);
INSERT INTO `rooms` (`id`, `floor`, `seats`, `type`, `price`) VALUES ('97', 1, 8, 'lux', 28);
INSERT INTO `rooms` (`id`, `floor`, `seats`, `type`, `price`) VALUES ('98', 8, 5, 'suit', 326);
INSERT INTO `rooms` (`id`, `floor`, `seats`, `type`, `price`) VALUES ('99', 4, 8, 'suit', 5);
INSERT INTO `rooms` (`id`, `floor`, `seats`, `type`, `price`) VALUES ('100', 7, 5, 'suit', 1431081);


INSERT INTO `user_profiles` (`user_id`, `birthday`, `gender`, `hometown`) VALUES ('1', '1999-04-30', 'f', 'bury');
INSERT INTO `user_profiles` (`user_id`, `birthday`, `gender`, `hometown`) VALUES ('2', '2015-07-03', ' m', 'town');
INSERT INTO `user_profiles` (`user_id`, `birthday`, `gender`, `hometown`) VALUES ('3', '1971-09-18', 'f', 'land');
INSERT INTO `user_profiles` (`user_id`, `birthday`, `gender`, `hometown`) VALUES ('4', '2007-12-14', 'f', 'port');
INSERT INTO `user_profiles` (`user_id`, `birthday`, `gender`, `hometown`) VALUES ('5', '1987-10-12', 'f', 'fort');
INSERT INTO `user_profiles` (`user_id`, `birthday`, `gender`, `hometown`) VALUES ('6', '1972-07-03', ' m', 'mouth');
INSERT INTO `user_profiles` (`user_id`, `birthday`, `gender`, `hometown`) VALUES ('7', '1994-10-20', ' m', 'mouth');
INSERT INTO `user_profiles` (`user_id`, `birthday`, `gender`, `hometown`) VALUES ('8', '2001-08-11', ' m', 'ton');
INSERT INTO `user_profiles` (`user_id`, `birthday`, `gender`, `hometown`) VALUES ('9', '1989-07-05', ' m', 'side');
INSERT INTO `user_profiles` (`user_id`, `birthday`, `gender`, `hometown`) VALUES ('10', '2005-12-31', 'f', 'mouth');
INSERT INTO `user_profiles` (`user_id`, `birthday`, `gender`, `hometown`) VALUES ('11', '2008-12-11', 'f', 'port');
INSERT INTO `user_profiles` (`user_id`, `birthday`, `gender`, `hometown`) VALUES ('12', '2007-07-13', 'f', 'chester');
INSERT INTO `user_profiles` (`user_id`, `birthday`, `gender`, `hometown`) VALUES ('13', '1992-02-08', 'f', 'view');
INSERT INTO `user_profiles` (`user_id`, `birthday`, `gender`, `hometown`) VALUES ('14', '2018-02-08', 'f', 'mouth');
INSERT INTO `user_profiles` (`user_id`, `birthday`, `gender`, `hometown`) VALUES ('15', '1989-02-20', 'f', 'haven');
INSERT INTO `user_profiles` (`user_id`, `birthday`, `gender`, `hometown`) VALUES ('16', '1992-03-21', ' m', 'side');
INSERT INTO `user_profiles` (`user_id`, `birthday`, `gender`, `hometown`) VALUES ('17', '1994-08-17', ' m', 'berg');
INSERT INTO `user_profiles` (`user_id`, `birthday`, `gender`, `hometown`) VALUES ('18', '2005-02-20', ' m', 'haven');
INSERT INTO `user_profiles` (`user_id`, `birthday`, `gender`, `hometown`) VALUES ('19', '1995-02-04', 'f', 'mouth');
INSERT INTO `user_profiles` (`user_id`, `birthday`, `gender`, `hometown`) VALUES ('20', '2017-07-16', 'f', 'view');
INSERT INTO `user_profiles` (`user_id`, `birthday`, `gender`, `hometown`) VALUES ('21', '2005-09-14', ' m', 'furt');
INSERT INTO `user_profiles` (`user_id`, `birthday`, `gender`, `hometown`) VALUES ('22', '1985-05-23', ' m', 'mouth');
INSERT INTO `user_profiles` (`user_id`, `birthday`, `gender`, `hometown`) VALUES ('23', '1998-12-04', 'f', 'bury');
INSERT INTO `user_profiles` (`user_id`, `birthday`, `gender`, `hometown`) VALUES ('24', '1998-07-10', ' m', 'mouth');
INSERT INTO `user_profiles` (`user_id`, `birthday`, `gender`, `hometown`) VALUES ('25', '1989-05-28', ' m', 'chester');
INSERT INTO `user_profiles` (`user_id`, `birthday`, `gender`, `hometown`) VALUES ('26', '2020-05-08', ' m', 'furt');
INSERT INTO `user_profiles` (`user_id`, `birthday`, `gender`, `hometown`) VALUES ('27', '2015-01-23', ' m', 'ville');
INSERT INTO `user_profiles` (`user_id`, `birthday`, `gender`, `hometown`) VALUES ('28', '2001-06-11', ' m', 'side');
INSERT INTO `user_profiles` (`user_id`, `birthday`, `gender`, `hometown`) VALUES ('29', '1974-01-09', 'f', 'bury');
INSERT INTO `user_profiles` (`user_id`, `birthday`, `gender`, `hometown`) VALUES ('30', '1991-11-03', ' m', 'fort');
INSERT INTO `user_profiles` (`user_id`, `birthday`, `gender`, `hometown`) VALUES ('31', '2005-03-28', ' m', 'mouth');
INSERT INTO `user_profiles` (`user_id`, `birthday`, `gender`, `hometown`) VALUES ('32', '2003-09-23', 'f', 'shire');
INSERT INTO `user_profiles` (`user_id`, `birthday`, `gender`, `hometown`) VALUES ('33', '2008-07-24', ' m', 'ton');
INSERT INTO `user_profiles` (`user_id`, `birthday`, `gender`, `hometown`) VALUES ('34', '1978-07-30', ' m', 'view');
INSERT INTO `user_profiles` (`user_id`, `birthday`, `gender`, `hometown`) VALUES ('35', '2001-04-06', ' m', 'view');
INSERT INTO `user_profiles` (`user_id`, `birthday`, `gender`, `hometown`) VALUES ('36', '1988-06-12', 'f', 'stad');
INSERT INTO `user_profiles` (`user_id`, `birthday`, `gender`, `hometown`) VALUES ('37', '1989-01-01', ' m', 'port');
INSERT INTO `user_profiles` (`user_id`, `birthday`, `gender`, `hometown`) VALUES ('38', '1998-05-08', ' m', 'mouth');
INSERT INTO `user_profiles` (`user_id`, `birthday`, `gender`, `hometown`) VALUES ('39', '1990-07-08', ' m', 'ton');
INSERT INTO `user_profiles` (`user_id`, `birthday`, `gender`, `hometown`) VALUES ('40', '1986-02-19', ' m', 'town');
INSERT INTO `user_profiles` (`user_id`, `birthday`, `gender`, `hometown`) VALUES ('41', '1988-04-02', ' m', 'furt');
INSERT INTO `user_profiles` (`user_id`, `birthday`, `gender`, `hometown`) VALUES ('42', '2009-03-31', ' m', 'view');
INSERT INTO `user_profiles` (`user_id`, `birthday`, `gender`, `hometown`) VALUES ('43', '2007-01-06', ' m', 'burgh');
INSERT INTO `user_profiles` (`user_id`, `birthday`, `gender`, `hometown`) VALUES ('44', '1985-03-10', 'f', 'shire');
INSERT INTO `user_profiles` (`user_id`, `birthday`, `gender`, `hometown`) VALUES ('45', '2003-03-19', 'f', 'bury');
INSERT INTO `user_profiles` (`user_id`, `birthday`, `gender`, `hometown`) VALUES ('46', '2006-02-18', 'f', 'side');
INSERT INTO `user_profiles` (`user_id`, `birthday`, `gender`, `hometown`) VALUES ('47', '1995-04-25', 'f', 'chester');
INSERT INTO `user_profiles` (`user_id`, `birthday`, `gender`, `hometown`) VALUES ('48', '1987-12-02', ' m', 'town');
INSERT INTO `user_profiles` (`user_id`, `birthday`, `gender`, `hometown`) VALUES ('49', '1974-01-28', 'f', 'fort');
INSERT INTO `user_profiles` (`user_id`, `birthday`, `gender`, `hometown`) VALUES ('50', '1994-01-29', 'f', 'view');
INSERT INTO `user_profiles` (`user_id`, `birthday`, `gender`, `hometown`) VALUES ('51', '1984-05-29', 'f', 'furt');
INSERT INTO `user_profiles` (`user_id`, `birthday`, `gender`, `hometown`) VALUES ('52', '1980-04-15', 'f', 'furt');
INSERT INTO `user_profiles` (`user_id`, `birthday`, `gender`, `hometown`) VALUES ('53', '1971-09-01', ' m', 'port');
INSERT INTO `user_profiles` (`user_id`, `birthday`, `gender`, `hometown`) VALUES ('54', '1974-01-26', 'f', 'furt');
INSERT INTO `user_profiles` (`user_id`, `birthday`, `gender`, `hometown`) VALUES ('55', '2002-12-17', ' m', 'chester');
INSERT INTO `user_profiles` (`user_id`, `birthday`, `gender`, `hometown`) VALUES ('56', '2009-08-08', 'f', 'borough');
INSERT INTO `user_profiles` (`user_id`, `birthday`, `gender`, `hometown`) VALUES ('57', '1989-12-10', 'f', 'bury');
INSERT INTO `user_profiles` (`user_id`, `birthday`, `gender`, `hometown`) VALUES ('58', '2007-09-23', ' m', 'mouth');
INSERT INTO `user_profiles` (`user_id`, `birthday`, `gender`, `hometown`) VALUES ('59', '1974-11-18', 'f', 'furt');
INSERT INTO `user_profiles` (`user_id`, `birthday`, `gender`, `hometown`) VALUES ('60', '1977-12-06', ' m', 'furt');
INSERT INTO `user_profiles` (`user_id`, `birthday`, `gender`, `hometown`) VALUES ('61', '1971-11-24', ' m', 'borough');
INSERT INTO `user_profiles` (`user_id`, `birthday`, `gender`, `hometown`) VALUES ('62', '2006-07-18', ' m', 'fort');
INSERT INTO `user_profiles` (`user_id`, `birthday`, `gender`, `hometown`) VALUES ('63', '1988-01-21', 'f', 'stad');
INSERT INTO `user_profiles` (`user_id`, `birthday`, `gender`, `hometown`) VALUES ('64', '1976-06-15', ' m', 'chester');
INSERT INTO `user_profiles` (`user_id`, `birthday`, `gender`, `hometown`) VALUES ('65', '2019-12-04', ' m', 'haven');
INSERT INTO `user_profiles` (`user_id`, `birthday`, `gender`, `hometown`) VALUES ('66', '1986-08-07', ' m', 'view');
INSERT INTO `user_profiles` (`user_id`, `birthday`, `gender`, `hometown`) VALUES ('67', '1994-06-25', ' m', 'mouth');
INSERT INTO `user_profiles` (`user_id`, `birthday`, `gender`, `hometown`) VALUES ('68', '1995-02-02', ' m', 'side');
INSERT INTO `user_profiles` (`user_id`, `birthday`, `gender`, `hometown`) VALUES ('69', '2001-04-26', ' m', 'furt');
INSERT INTO `user_profiles` (`user_id`, `birthday`, `gender`, `hometown`) VALUES ('70', '2007-04-14', ' m', 'mouth');
INSERT INTO `user_profiles` (`user_id`, `birthday`, `gender`, `hometown`) VALUES ('71', '1977-08-04', ' m', 'side');
INSERT INTO `user_profiles` (`user_id`, `birthday`, `gender`, `hometown`) VALUES ('72', '1986-08-22', 'f', 'berg');
INSERT INTO `user_profiles` (`user_id`, `birthday`, `gender`, `hometown`) VALUES ('73', '2018-12-02', ' m', 'borough');
INSERT INTO `user_profiles` (`user_id`, `birthday`, `gender`, `hometown`) VALUES ('74', '1980-09-16', 'f', 'side');
INSERT INTO `user_profiles` (`user_id`, `birthday`, `gender`, `hometown`) VALUES ('75', '2014-10-25', 'f', 'side');
INSERT INTO `user_profiles` (`user_id`, `birthday`, `gender`, `hometown`) VALUES ('76', '1973-05-26', ' m', 'mouth');
INSERT INTO `user_profiles` (`user_id`, `birthday`, `gender`, `hometown`) VALUES ('77', '1975-10-10', 'f', 'shire');
INSERT INTO `user_profiles` (`user_id`, `birthday`, `gender`, `hometown`) VALUES ('78', '2006-06-10', 'f', 'chester');
INSERT INTO `user_profiles` (`user_id`, `birthday`, `gender`, `hometown`) VALUES ('79', '1976-09-18', 'f', 'port');
INSERT INTO `user_profiles` (`user_id`, `birthday`, `gender`, `hometown`) VALUES ('80', '2007-10-21', 'f', 'ville');
INSERT INTO `user_profiles` (`user_id`, `birthday`, `gender`, `hometown`) VALUES ('81', '2013-01-15', ' m', 'bury');
INSERT INTO `user_profiles` (`user_id`, `birthday`, `gender`, `hometown`) VALUES ('82', '1975-03-05', ' m', 'ville');
INSERT INTO `user_profiles` (`user_id`, `birthday`, `gender`, `hometown`) VALUES ('83', '2015-01-22', ' m', 'port');
INSERT INTO `user_profiles` (`user_id`, `birthday`, `gender`, `hometown`) VALUES ('84', '2010-12-05', ' m', 'chester');
INSERT INTO `user_profiles` (`user_id`, `birthday`, `gender`, `hometown`) VALUES ('85', '2001-04-06', 'f', 'mouth');
INSERT INTO `user_profiles` (`user_id`, `birthday`, `gender`, `hometown`) VALUES ('86', '1991-11-04', ' m', 'land');
INSERT INTO `user_profiles` (`user_id`, `birthday`, `gender`, `hometown`) VALUES ('87', '1990-05-13', ' m', 'berg');
INSERT INTO `user_profiles` (`user_id`, `birthday`, `gender`, `hometown`) VALUES ('88', '2010-06-17', 'f', 'ton');
INSERT INTO `user_profiles` (`user_id`, `birthday`, `gender`, `hometown`) VALUES ('89', '1975-04-09', 'f', 'port');
INSERT INTO `user_profiles` (`user_id`, `birthday`, `gender`, `hometown`) VALUES ('90', '2006-06-21', 'f', 'ville');
INSERT INTO `user_profiles` (`user_id`, `birthday`, `gender`, `hometown`) VALUES ('91', '2019-04-09', 'f', 'furt');
INSERT INTO `user_profiles` (`user_id`, `birthday`, `gender`, `hometown`) VALUES ('92', '1971-01-22', 'f', 'port');
INSERT INTO `user_profiles` (`user_id`, `birthday`, `gender`, `hometown`) VALUES ('93', '1972-12-23', ' m', 'shire');
INSERT INTO `user_profiles` (`user_id`, `birthday`, `gender`, `hometown`) VALUES ('94', '1981-12-21', 'f', 'side');
INSERT INTO `user_profiles` (`user_id`, `birthday`, `gender`, `hometown`) VALUES ('95', '1976-07-29', 'f', 'ville');
INSERT INTO `user_profiles` (`user_id`, `birthday`, `gender`, `hometown`) VALUES ('96', '2002-11-02', ' m', 'borough');
INSERT INTO `user_profiles` (`user_id`, `birthday`, `gender`, `hometown`) VALUES ('97', '1987-09-18', 'f', 'bury');
INSERT INTO `user_profiles` (`user_id`, `birthday`, `gender`, `hometown`) VALUES ('98', '1999-05-17', ' m', 'berg');
INSERT INTO `user_profiles` (`user_id`, `birthday`, `gender`, `hometown`) VALUES ('99', '2007-04-19', ' m', 'land');
INSERT INTO `user_profiles` (`user_id`, `birthday`, `gender`, `hometown`) VALUES ('100', '1987-02-27', ' m', 'stad');


INSERT INTO `users` (`id`, `firstname`, `lastname`, `email`, `phone`, `password_hash`) VALUES ('1', 'Lennie', 'Daniel', 'pspencer@example.com', '(949)693-3380x095', '1efb6e23f630939e2b315e21a42e1aa92cbaa60b');
INSERT INTO `users` (`id`, `firstname`, `lastname`, `email`, `phone`, `password_hash`) VALUES ('2', 'Tyshawn', 'Rice', 'wfarrell@example.org', '571-927-3177', 'b23bebb33fe69ca874bdbfa1d6e38b9077e12ba3');
INSERT INTO `users` (`id`, `firstname`, `lastname`, `email`, `phone`, `password_hash`) VALUES ('3', 'Ocie', 'Medhurst', 'erick.renner@example.com', '814.478.2149x421', '99103e3462143f27eb442ea5bfaff24795a0f8fb');
INSERT INTO `users` (`id`, `firstname`, `lastname`, `email`, `phone`, `password_hash`) VALUES ('4', 'Jayne', 'Zulauf', 'gleffler@example.net', '1-199-990-5697x7728', 'b091cb56f928ec1df65439c246bdff4b93783f91');
INSERT INTO `users` (`id`, `firstname`, `lastname`, `email`, `phone`, `password_hash`) VALUES ('5', 'Blaze', 'Dibbert', 'ilene85@example.net', '(892)747-2728x35174', '61659a8a325883d713c091e549322cc22f371faf');
INSERT INTO `users` (`id`, `firstname`, `lastname`, `email`, `phone`, `password_hash`) VALUES ('6', 'Aurore', 'Cartwright', 'abagail49@example.net', '1-994-655-4444x130', 'ff4b5247844ee780f341bb45c77aa572e81fd781');
INSERT INTO `users` (`id`, `firstname`, `lastname`, `email`, `phone`, `password_hash`) VALUES ('7', 'Nellie', 'Hoppe', 'will.andreane@example.net', '1-821-068-5649', '481dbee538ddea65c0a197361d86ad53e776bff2');
INSERT INTO `users` (`id`, `firstname`, `lastname`, `email`, `phone`, `password_hash`) VALUES ('8', 'Morris', 'Bechtelar', 'olaf76@example.com', '900.707.7868x8224', '34f257f962bdbe323019af92ce6d9dab5bf18e98');
INSERT INTO `users` (`id`, `firstname`, `lastname`, `email`, `phone`, `password_hash`) VALUES ('9', 'Cristina', 'Reichel', 'eliezer47@example.com', '159-890-3035x51896', 'd0cf223e1061079b43b9c3690c939339cb030557');
INSERT INTO `users` (`id`, `firstname`, `lastname`, `email`, `phone`, `password_hash`) VALUES ('10', 'Claudine', 'Muller', 'elenor.wehner@example.net', '375.859.3625', '6537fcd23891a1addec11e88614c74247d3ebaa4');
INSERT INTO `users` (`id`, `firstname`, `lastname`, `email`, `phone`, `password_hash`) VALUES ('11', 'Melvin', 'Little', 'afisher@example.net', '1-139-926-7033x081', '2991df84118f3f3b2b6e172adebe32f660e1be8b');
INSERT INTO `users` (`id`, `firstname`, `lastname`, `email`, `phone`, `password_hash`) VALUES ('12', 'Therese', 'Gaylord', 'erice@example.org', '795.077.3005x78644', '2095bcce658b0f2e8d155fc4526158584d321fa3');
INSERT INTO `users` (`id`, `firstname`, `lastname`, `email`, `phone`, `password_hash`) VALUES ('13', 'Rhea', 'Champlin', 'cparisian@example.net', '083-743-7944', '6010f6091595772f506f221cbfb89a1516f50677');
INSERT INTO `users` (`id`, `firstname`, `lastname`, `email`, `phone`, `password_hash`) VALUES ('14', 'Jaquelin', 'Gusikowski', 'hconroy@example.org', '1-975-761-6796x65566', 'b846d73302a35638ddcc8def6e3aa945c8e3471b');
INSERT INTO `users` (`id`, `firstname`, `lastname`, `email`, `phone`, `password_hash`) VALUES ('15', 'Rosina', 'Ernser', 'leilani88@example.org', '(706)717-5111', '4a723ff2e6901db457050a1fa5fc86061965559a');
INSERT INTO `users` (`id`, `firstname`, `lastname`, `email`, `phone`, `password_hash`) VALUES ('16', 'Aurore', 'Jacobs', 'franecki.tia@example.com', '990.992.9490x5557', '7eff4d3906e34ee7e96124c7baefea3716159877');
INSERT INTO `users` (`id`, `firstname`, `lastname`, `email`, `phone`, `password_hash`) VALUES ('17', 'Cristina', 'Ryan', 'veum.jennie@example.com', '1-289-391-4794x329', '71a3fb98b89149bf3cb81bb2db3c0a847db82f5b');
INSERT INTO `users` (`id`, `firstname`, `lastname`, `email`, `phone`, `password_hash`) VALUES ('18', 'Hobart', 'Harris', 'plabadie@example.com', '1-518-129-0036', '0856d3c49e96dd7a8d0740d84a3a78373bb286b5');
INSERT INTO `users` (`id`, `firstname`, `lastname`, `email`, `phone`, `password_hash`) VALUES ('19', 'Clementine', 'Schoen', 'phoebe10@example.com', '602-284-0448x401', '535f8a3e252d3c765f2f084c15552d5329002154');
INSERT INTO `users` (`id`, `firstname`, `lastname`, `email`, `phone`, `password_hash`) VALUES ('20', 'Missouri', 'Bergstrom', 'dimitri73@example.net', '05947154040', '71ff916c6a090f6d09c70ba6d9a01d6869fcb8f4');
INSERT INTO `users` (`id`, `firstname`, `lastname`, `email`, `phone`, `password_hash`) VALUES ('21', 'Sonny', 'Durgan', 'padberg.pascale@example.net', '09286577588', '2480ac018738dcdc13cda786269ae7984f67cb6b');
INSERT INTO `users` (`id`, `firstname`, `lastname`, `email`, `phone`, `password_hash`) VALUES ('22', 'Easton', 'Fisher', 'therese96@example.com', '467.278.2982', '4e6692c2ee0d763d606683da5c68fe6efc96f21d');
INSERT INTO `users` (`id`, `firstname`, `lastname`, `email`, `phone`, `password_hash`) VALUES ('23', 'Elisabeth', 'Gulgowski', 'swaniawski.brycen@example.net', '1-257-225-5039', 'd5fe4b2f961b419d53e3c9009e77a4414b6ec09c');
INSERT INTO `users` (`id`, `firstname`, `lastname`, `email`, `phone`, `password_hash`) VALUES ('24', 'Christine', 'Bauch', 'mallory69@example.com', '066.348.8106x34025', '97bde5c2694a1707c23721a9e6a2ca116c90e2a0');
INSERT INTO `users` (`id`, `firstname`, `lastname`, `email`, `phone`, `password_hash`) VALUES ('25', 'Liliana', 'Ernser', 'o\'reilly.alf@example.net', '116.510.6666', '8933bd649bd7e62272491cb77c6850949e539548');
INSERT INTO `users` (`id`, `firstname`, `lastname`, `email`, `phone`, `password_hash`) VALUES ('26', 'Gaylord', 'Wilkinson', 'nestor.bechtelar@example.net', '466-789-9217x19471', '57c06ddadf8dfe8c718fcbef0f76b84219f94757');
INSERT INTO `users` (`id`, `firstname`, `lastname`, `email`, `phone`, `password_hash`) VALUES ('27', 'Julius', 'Ebert', 'kling.kraig@example.org', '058.813.2856x6110', '332ce5824238607fe879c835ea8935f6c125a13e');
INSERT INTO `users` (`id`, `firstname`, `lastname`, `email`, `phone`, `password_hash`) VALUES ('28', 'Dagmar', 'Dickens', 'beatty.adan@example.com', '529.217.7466x7381', 'c08fe4bb1760256d4d0718a3274ced544f76b054');
INSERT INTO `users` (`id`, `firstname`, `lastname`, `email`, `phone`, `password_hash`) VALUES ('29', 'Lorena', 'Pagac', 'ukoelpin@example.com', '(176)978-3959', '6270146d6c4b7ddd0cf2fb104006acead5864ea7');
INSERT INTO `users` (`id`, `firstname`, `lastname`, `email`, `phone`, `password_hash`) VALUES ('30', 'Randy', 'Baumbach', 'olueilwitz@example.net', '1-987-656-1706x75648', 'b1f4e79cfef1416a8a630eb13cd63baf020ad7f8');
INSERT INTO `users` (`id`, `firstname`, `lastname`, `email`, `phone`, `password_hash`) VALUES ('31', 'Magali', 'Mertz', 'yo\'keefe@example.org', '160-782-0461x985', '36df9ba40f083984a03bf30284971e5640ec8b09');
INSERT INTO `users` (`id`, `firstname`, `lastname`, `email`, `phone`, `password_hash`) VALUES ('32', 'Lilian', 'Konopelski', 'colin06@example.com', '588.476.7486x038', '7196d782bab6a84f217ad0742ad730b6e0ebe365');
INSERT INTO `users` (`id`, `firstname`, `lastname`, `email`, `phone`, `password_hash`) VALUES ('33', 'Lesly', 'Reynolds', 'pmurazik@example.com', '868.808.3768x5853', '1967017af2c99b91b51f22a73f277502b0246e9e');
INSERT INTO `users` (`id`, `firstname`, `lastname`, `email`, `phone`, `password_hash`) VALUES ('34', 'Vidal', 'Padberg', 'barton20@example.org', '133-935-5347x772', '2ff36613b117ada4ee04a4d626b7c45639c3ea6a');
INSERT INTO `users` (`id`, `firstname`, `lastname`, `email`, `phone`, `password_hash`) VALUES ('35', 'Alfred', 'Shanahan', 'rowe.tina@example.org', '09560746454', '6dae0f87adb168fc146bd846638e6130c2b46a44');
INSERT INTO `users` (`id`, `firstname`, `lastname`, `email`, `phone`, `password_hash`) VALUES ('36', 'Madalyn', 'Hermann', 'jaylen.larson@example.org', '084.224.9977', '449b5378e5e5f26c533d16218d66165359284458');
INSERT INTO `users` (`id`, `firstname`, `lastname`, `email`, `phone`, `password_hash`) VALUES ('37', 'Stefan', 'Smith', 'hermina85@example.com', '619-660-6298x31654', '8b50700674aa3aa595bcb76cf9897739b035fc6c');
INSERT INTO `users` (`id`, `firstname`, `lastname`, `email`, `phone`, `password_hash`) VALUES ('38', 'Verlie', 'Kshlerin', 'chasity78@example.org', '+17(5)3988078643', 'c43d83e0ba2e15cda0f2ad4fe311e32874a5ea0f');
INSERT INTO `users` (`id`, `firstname`, `lastname`, `email`, `phone`, `password_hash`) VALUES ('39', 'Berry', 'Ebert', 'kutch.porter@example.com', '(370)367-1748x002', 'fd3e83401d505345e08aee289895e5ac092143d7');
INSERT INTO `users` (`id`, `firstname`, `lastname`, `email`, `phone`, `password_hash`) VALUES ('40', 'Tyrel', 'Weber', 'leffler.tia@example.net', '259.915.7613x40980', 'fbfc21f7db74103443885af5dff5e7003070b702');
INSERT INTO `users` (`id`, `firstname`, `lastname`, `email`, `phone`, `password_hash`) VALUES ('41', 'Ethyl', 'Collier', 'rosamond.lemke@example.com', '738.831.8580', '59b40d95ac12cea2ed228e1c447870b9e0311df1');
INSERT INTO `users` (`id`, `firstname`, `lastname`, `email`, `phone`, `password_hash`) VALUES ('42', 'Okey', 'Schamberger', 'sigrid57@example.com', '562-498-8160', '950e1ac410fda05b44541f401c94a99851488c2d');
INSERT INTO `users` (`id`, `firstname`, `lastname`, `email`, `phone`, `password_hash`) VALUES ('43', 'Virginia', 'Cruickshank', 'terrance21@example.org', '897-126-0305x249', '75df1419d0f5554bce01e9953095f1a0288daaa0');
INSERT INTO `users` (`id`, `firstname`, `lastname`, `email`, `phone`, `password_hash`) VALUES ('44', 'Golda', 'Beahan', 'adelle.ferry@example.net', '1-824-488-4323x7205', '58d1f668c646b4e85fb99b3c5214237c56f504d9');
INSERT INTO `users` (`id`, `firstname`, `lastname`, `email`, `phone`, `password_hash`) VALUES ('45', 'Chelsea', 'Cummerata', 'kilback.moises@example.net', '(522)310-1911x2259', '063cba435a8139e35d0490973e453c853affab42');
INSERT INTO `users` (`id`, `firstname`, `lastname`, `email`, `phone`, `password_hash`) VALUES ('46', 'Lucile', 'Bashirian', 'ybashirian@example.org', '295.133.2539x4593', 'a50b4f0e4596eaa0a2348d1d2c4a447bfbf112a1');
INSERT INTO `users` (`id`, `firstname`, `lastname`, `email`, `phone`, `password_hash`) VALUES ('47', 'Trisha', 'Toy', 'hills.alexa@example.com', '02406637583', 'f67260f4469304e749633f975adf5a0d1ae535f9');
INSERT INTO `users` (`id`, `firstname`, `lastname`, `email`, `phone`, `password_hash`) VALUES ('48', 'Ludie', 'McClure', 'malika98@example.net', '360.548.0570x99447', '215bd282d6aaaf37741b75b7a1e8b07b5cd021e3');
INSERT INTO `users` (`id`, `firstname`, `lastname`, `email`, `phone`, `password_hash`) VALUES ('49', 'Nola', 'Connelly', 'simone.abshire@example.org', '664-887-6143', 'ce0f59f2dd389963f4d33bde2279cb6cfa814d8a');
INSERT INTO `users` (`id`, `firstname`, `lastname`, `email`, `phone`, `password_hash`) VALUES ('50', 'Bert', 'Wunsch', 'nyasia99@example.org', '1-946-273-9860x0251', 'f1b0c3ecf5c83b25941a8c350eea7768207a6065');
INSERT INTO `users` (`id`, `firstname`, `lastname`, `email`, `phone`, `password_hash`) VALUES ('51', 'Maggie', 'Schuppe', 'mmann@example.net', '(691)887-5698', '09651d5cfa543b9d66f0de66ebea79175bbb4a23');
INSERT INTO `users` (`id`, `firstname`, `lastname`, `email`, `phone`, `password_hash`) VALUES ('52', 'Gwen', 'Price', 'wade.zulauf@example.net', '(688)603-8426x282', '9aefd66fb573e07887ed437f69c9671b1abe0f58');
INSERT INTO `users` (`id`, `firstname`, `lastname`, `email`, `phone`, `password_hash`) VALUES ('53', 'Delbert', 'Baumbach', 'kreiger.america@example.org', '1-810-576-1289x978', '96088aac43d6bbef1f2e4420c5c653587264f04c');
INSERT INTO `users` (`id`, `firstname`, `lastname`, `email`, `phone`, `password_hash`) VALUES ('54', 'Pearl', 'Williamson', 'rosanna44@example.com', '706-453-1083x0505', 'f9f103259c1b35129a6ccfcfc22eb03e772451c6');
INSERT INTO `users` (`id`, `firstname`, `lastname`, `email`, `phone`, `password_hash`) VALUES ('55', 'Ludie', 'Bayer', 'fwisozk@example.com', '05769491575', '7d6b954b6ca7027e506f64959a1d0953dd8caff8');
INSERT INTO `users` (`id`, `firstname`, `lastname`, `email`, `phone`, `password_hash`) VALUES ('56', 'Lavon', 'Schultz', 'sbartell@example.com', '(851)667-7361x19066', '2b3d0c45405dfc5ce1dd3967e15151fffa2c0287');
INSERT INTO `users` (`id`, `firstname`, `lastname`, `email`, `phone`, `password_hash`) VALUES ('57', 'Zackery', 'Jakubowski', 'king.barrows@example.com', '527.412.9143', '2603c7b2dd0e4d7141cc1cc1447a7d632be3acf2');
INSERT INTO `users` (`id`, `firstname`, `lastname`, `email`, `phone`, `password_hash`) VALUES ('58', 'Ronny', 'Welch', 'boyd.funk@example.com', '885-723-6839x7511', '83f4b868be4786d5e93585fbdcca5797f351ec61');
INSERT INTO `users` (`id`, `firstname`, `lastname`, `email`, `phone`, `password_hash`) VALUES ('59', 'Ben', 'Hodkiewicz', 'stroman.kelley@example.net', '(959)251-1537x53259', '79196c5a1594d40cfba047d6060d08c46b9f5356');
INSERT INTO `users` (`id`, `firstname`, `lastname`, `email`, `phone`, `password_hash`) VALUES ('60', 'Leif', 'Dicki', 'xrutherford@example.net', '472-655-4191x200', '49d76b194e7c2177a7cc06fdd1caca1c5d94b978');
INSERT INTO `users` (`id`, `firstname`, `lastname`, `email`, `phone`, `password_hash`) VALUES ('61', 'Elmer', 'Towne', 'upton.virginia@example.org', '743.025.9750', '99bc8545d083798df6160bd99a5abd8129c5aa96');
INSERT INTO `users` (`id`, `firstname`, `lastname`, `email`, `phone`, `password_hash`) VALUES ('62', 'Nettie', 'Hodkiewicz', 'luigi94@example.org', '704.344.3415', '275ea5280ac49423648306a62754fd08ba7dc986');
INSERT INTO `users` (`id`, `firstname`, `lastname`, `email`, `phone`, `password_hash`) VALUES ('63', 'Hazle', 'Balistreri', 'haag.clare@example.net', '341.025.0194x629', 'ac3e40f49924024969133c1e149ee1365f32e7c5');
INSERT INTO `users` (`id`, `firstname`, `lastname`, `email`, `phone`, `password_hash`) VALUES ('64', 'Aurelie', 'Dooley', 'kameron.lindgren@example.org', '+51(0)0730469603', 'c6d3c435040341506ececa58065e8b9198e7b943');
INSERT INTO `users` (`id`, `firstname`, `lastname`, `email`, `phone`, `password_hash`) VALUES ('65', 'Briana', 'Thiel', 'kara.heidenreich@example.net', '1-123-050-4109', '8b6a6b864fb24faf820bf2f12bbbd03d38f9fdb6');
INSERT INTO `users` (`id`, `firstname`, `lastname`, `email`, `phone`, `password_hash`) VALUES ('66', 'Elmira', 'Boyle', 'bsenger@example.com', '(953)945-5686x6958', 'ba31593d28e86e226b1f9b39fa562380927b0610');
INSERT INTO `users` (`id`, `firstname`, `lastname`, `email`, `phone`, `password_hash`) VALUES ('67', 'Jordane', 'Fahey', 'stiedemann.stephanie@example.net', '+82(9)3688383734', 'd2c468cb1e6223ebb666d4a92109d295d7084e64');
INSERT INTO `users` (`id`, `firstname`, `lastname`, `email`, `phone`, `password_hash`) VALUES ('68', 'Yvette', 'Armstrong', 'cruickshank.rhoda@example.com', '890-944-1811x520', '504d13a95e41a220a020d4d20833da52fb282149');
INSERT INTO `users` (`id`, `firstname`, `lastname`, `email`, `phone`, `password_hash`) VALUES ('69', 'Wilson', 'Raynor', 'hessel.kavon@example.net', '1-199-738-7349', 'eb15fb441febaf2898437261eb7dbc27c48f293c');
INSERT INTO `users` (`id`, `firstname`, `lastname`, `email`, `phone`, `password_hash`) VALUES ('70', 'Amaya', 'Cormier', 'green.claud@example.org', '323.294.8805x98671', 'e84951a7745fb0bd678d10cccb6dd87e26b4a5fc');
INSERT INTO `users` (`id`, `firstname`, `lastname`, `email`, `phone`, `password_hash`) VALUES ('71', 'Noemie', 'Kuhn', 'ebins@example.com', '1-744-928-9911x41862', '6d1a224e3184130fdb99ed716a4158f937e77653');
INSERT INTO `users` (`id`, `firstname`, `lastname`, `email`, `phone`, `password_hash`) VALUES ('72', 'Kole', 'Bergstrom', 'kallie.fritsch@example.com', '371-738-1328x882', '63659f5e5c7bedd2ec9c54397ea40fa0f26ee64b');
INSERT INTO `users` (`id`, `firstname`, `lastname`, `email`, `phone`, `password_hash`) VALUES ('73', 'Mathilde', 'Wintheiser', 'ptorphy@example.org', '1-585-736-4216x5232', '4fb7394fba09972f9d6cbc09160f7c365ed1fe2e');
INSERT INTO `users` (`id`, `firstname`, `lastname`, `email`, `phone`, `password_hash`) VALUES ('74', 'Gaetano', 'Lang', 'hane.javon@example.net', '603.282.0509', '8d4fb567de124c82b5b8ca747e32aa6f9d290ae4');
INSERT INTO `users` (`id`, `firstname`, `lastname`, `email`, `phone`, `password_hash`) VALUES ('75', 'Kaylie', 'Lind', 'iaufderhar@example.net', '1-514-088-9694x1614', 'a8e87f5b615e74c2513245d26f07ce182b7fdf37');
INSERT INTO `users` (`id`, `firstname`, `lastname`, `email`, `phone`, `password_hash`) VALUES ('76', 'Mario', 'Langworth', 'hoppe.brant@example.net', '846.308.6390x29954', 'b873871510b4632f6d364cbc7c7539dd003b3fac');
INSERT INTO `users` (`id`, `firstname`, `lastname`, `email`, `phone`, `password_hash`) VALUES ('77', 'Bria', 'Hartmann', 'blabadie@example.net', '496-223-6378x874', '019145e802983fab2fc84704d0c44775b1657a49');
INSERT INTO `users` (`id`, `firstname`, `lastname`, `email`, `phone`, `password_hash`) VALUES ('78', 'Jeanne', 'Leuschke', 'lspencer@example.net', '1-679-918-0951', '35f5bba2285c77aaa75034d48d2e645cd8436401');
INSERT INTO `users` (`id`, `firstname`, `lastname`, `email`, `phone`, `password_hash`) VALUES ('79', 'Mabel', 'VonRueden', 'clare.streich@example.net', '08657755120', '48a3f26f36200d6ac1336d6def1628ce11d6df65');
INSERT INTO `users` (`id`, `firstname`, `lastname`, `email`, `phone`, `password_hash`) VALUES ('80', 'Wade', 'Veum', 'maxwell08@example.net', '549.552.5852', '2ecc86f37dd9795f53857c948c1e9c578cd938d0');
INSERT INTO `users` (`id`, `firstname`, `lastname`, `email`, `phone`, `password_hash`) VALUES ('81', 'Jacinthe', 'Balistreri', 'alessandra.smitham@example.com', '177.758.0756x71731', '63c2ee4e25821bf266eb58a735df8f21aeae3d1f');
INSERT INTO `users` (`id`, `firstname`, `lastname`, `email`, `phone`, `password_hash`) VALUES ('82', 'Benedict', 'Nicolas', 'jeramy67@example.com', '1-467-685-1816x669', 'd8e56727353e0bdaed4f8a4772ba03e0d39d373f');
INSERT INTO `users` (`id`, `firstname`, `lastname`, `email`, `phone`, `password_hash`) VALUES ('83', 'General', 'Sporer', 'schumm.colleen@example.com', '1-727-908-0039x343', '53348bc826c0f56a6329fa5857c942b042da199c');
INSERT INTO `users` (`id`, `firstname`, `lastname`, `email`, `phone`, `password_hash`) VALUES ('84', 'Valerie', 'Brekke', 'lela.fay@example.org', '587.255.9959x996', '3c2162ea34efdf699838c31dc245657af4af4dca');
INSERT INTO `users` (`id`, `firstname`, `lastname`, `email`, `phone`, `password_hash`) VALUES ('85', 'Kane', 'Little', 'bins.cristal@example.net', '002-714-9893', '9f750666c26d2487980a3349bd0307eaee2e4b59');
INSERT INTO `users` (`id`, `firstname`, `lastname`, `email`, `phone`, `password_hash`) VALUES ('86', 'Heber', 'Hickle', 'kaitlyn.white@example.net', '08555201050', '5ad6d32625ae4e4dbd19148b20e1474bf203b5bd');
INSERT INTO `users` (`id`, `firstname`, `lastname`, `email`, `phone`, `password_hash`) VALUES ('87', 'Rasheed', 'Kuhlman', 'ilind@example.com', '883.786.7366x55078', 'c502cd6e9a9905e8552c974a6cfe9b371aa29718');
INSERT INTO `users` (`id`, `firstname`, `lastname`, `email`, `phone`, `password_hash`) VALUES ('88', 'Kali', 'Farrell', 'ludie51@example.com', '(139)049-3014', 'ea16a38a4bdf77139b58c9d605743afca1714bd1');
INSERT INTO `users` (`id`, `firstname`, `lastname`, `email`, `phone`, `password_hash`) VALUES ('89', 'Dejuan', 'Stark', 'zachery.hermiston@example.com', '(188)807-4729x78983', '05905dcce7a6699c8f3325b2b1ade44ea209ce9b');
INSERT INTO `users` (`id`, `firstname`, `lastname`, `email`, `phone`, `password_hash`) VALUES ('90', 'Norma', 'Hermiston', 'lamont89@example.org', '(851)074-0816', 'd1cf13ce5309613a1151aac02ed8aa1b3fa55e5e');
INSERT INTO `users` (`id`, `firstname`, `lastname`, `email`, `phone`, `password_hash`) VALUES ('91', 'Julien', 'Renner', 'harber.destiney@example.org', '(046)376-8055x680', 'aa33c3a9f503305dcb98e202a7c4f577686e5dbb');
INSERT INTO `users` (`id`, `firstname`, `lastname`, `email`, `phone`, `password_hash`) VALUES ('92', 'Robb', 'Rempel', 'luciano26@example.com', '00273602343', '173e4c23cbfab9a715c2e475bdb12639dc174292');
INSERT INTO `users` (`id`, `firstname`, `lastname`, `email`, `phone`, `password_hash`) VALUES ('93', 'Diamond', 'Schuppe', 'dshields@example.com', '(376)045-2232x481', '80e18c3c255ebfc46c04747fa4ec8324c05118ad');
INSERT INTO `users` (`id`, `firstname`, `lastname`, `email`, `phone`, `password_hash`) VALUES ('94', 'Howell', 'Collins', 'dahlia.o\'keefe@example.net', '1-159-077-3693x009', '16cc0d54e994ab7ce861148f3a9720cbb1c845cd');
INSERT INTO `users` (`id`, `firstname`, `lastname`, `email`, `phone`, `password_hash`) VALUES ('95', 'Genoveva', 'Hansen', 'holden07@example.org', '(732)180-0051', '812353cea6186deef40b41a264cf666c2ca0017a');
INSERT INTO `users` (`id`, `firstname`, `lastname`, `email`, `phone`, `password_hash`) VALUES ('96', 'Erwin', 'Walker', 'jerel.veum@example.org', '542-906-0719', '279774fdc05bf475c6b69bed7d9b0e3fe1c88d8c');
INSERT INTO `users` (`id`, `firstname`, `lastname`, `email`, `phone`, `password_hash`) VALUES ('97', 'Alexander', 'Schuppe', 'dietrich.okey@example.com', '794.107.3096x918', 'b7efc773831ff8e9e2732b00da0745ac6268ccd3');
INSERT INTO `users` (`id`, `firstname`, `lastname`, `email`, `phone`, `password_hash`) VALUES ('98', 'Rosalinda', 'Koepp', 'west.aileen@example.net', '1-380-947-3737', '47984e8a57cd9d8d97d0f2e5d71bd92f0730fcc9');
INSERT INTO `users` (`id`, `firstname`, `lastname`, `email`, `phone`, `password_hash`) VALUES ('99', 'Olen', 'Wilderman', 'theresia.pagac@example.org', '1-167-617-5601x30531', '8d94bb0c5f402b35e4c31dfdad2b5b252795219d');
INSERT INTO `users` (`id`, `firstname`, `lastname`, `email`, `phone`, `password_hash`) VALUES ('100', 'Amina', 'Schuppe', 'blanca.west@example.org', '540.747.4177x3773', 'bd4686c41783897e1ca37e488c8b55daad4504d0');


